{
    "IntendedFor": "anat/sub-107_run-01_T1w.nii.gz",
    "FiducialsCoordinateSystem": "RAS",
    "FiducialsCoordinateUnits": "mm",
    "FiducialsCoordinateSystemDescription": "RAS orientation: Origin halfway between LPA and RPA, positive x-axis towards RPA, positive y-axis orthogonal to x-axis through Nasion,  z-axis orthogonal to xy-plane, pointing in superior direction.",
    "FiducialsCoordinates": {
        "AC": [
            2.717474711211193,
            26.30805915189731,
            34.290814490128646
        ],
        "PC": [
            1.67003559029652,
            0.8314357675713904,
            32.32908247211144
        ],
        "Infracollicular Sulcus": [
            1.014998109944078,
            -8.785383059371378,
            25.197525236263083
        ],
        "PMJ": [
            1.013603581417122,
            5.1343362565634525,
            19.29531849672791
        ],
        "Superior IPF": [
            1.5416914003548303,
            10.598465800753456,
            27.43902225132141
        ],
        "Right Superior LMS": [
            12.735870177972902,
            -1.0479358235034255,
            25.90742803517952
        ],
        "Left Superior LMS": [
            -11.022568426490508,
            -0.8108300329908591,
            26.93393178996775
        ],
        "Right Inferior LMS": [
            10.84790020141665,
            -3.708559932220394,
            17.20983450067033
        ],
        "Left Inferior LMS": [
            -10.035670816281907,
            -3.25695283628209,
            18.16106096660074
        ],
        "Culmen": [
            1.1207824339596493,
            -23.856963187653022,
            34.190283310343105
        ],
        "Intermammillary Sulcus": [
            1.9602236744860817,
            16.18805228910934,
            24.787153379880657
        ],
        "Right Mammilary Body": [
            4.0399837873945685,
            16.196141220318715,
            24.826234976639192
        ],
        "Left Mammilary Body": [
            0.0520232400287229,
            15.957470361841825,
            24.88349514995906
        ],
        "Pineal Gland": [
            1.7307403470842098,
            -5.57795313800783,
            34.36297414884889
        ],
        "Right LV at AC": [
            11.896973918983337,
            24.497815002424964,
            50.76795520486517
        ],
        "Left LV at AC": [
            -4.406577632444053,
            24.74322823786802,
            52.076756619789634
        ],
        "Right LV at PC": [
            20.820886474875245,
            -1.7249534958480055,
            51.60250222334604
        ],
        "Left LV at PC": [
            -13.87166509967783,
            -0.5094983004083045,
            55.64039212273112
        ],
        "Genu of CC": [
            4.333059202323061,
            55.0910243347447,
            43.66359399727689
        ],
        "Splenium of CC": [
            1.8343756777144349,
            -8.502722062101906,
            36.22872153241703
        ],
        "Right AL Temporal Horn": [
            32.10922777949786,
            22.607812940800848,
            12.74501251964335
        ],
        "Left AL Tempral Horn": [
            -30.71136163055926,
            20.30578264799713,
            18.3182542071703
        ],
        "R. Sup. AM Temporal Horn": [
            20.198237332495843,
            15.052632734845565,
            23.758547962710395
        ],
        "L. Sup. AM Temporal Horn": [
            -17.138595809778725,
            13.895657073022525,
            26.189425635795534
        ],
        "R Inf. AM Temp Horn": [
            25.86364744092726,
            22.242532793852213,
            12.993126141072349
        ],
        "L Inf. AM Temp Horn": [
            -25.400180338052117,
            19.63089446784071,
            17.57126771562675
        ],
        "Right IG Origin": [
            18.41742304759732,
            -11.619861242581424,
            35.10145820666064
        ],
        "Left IG Origin": [
            -15.568843578976038,
            -14.05371248840376,
            36.38082949049125
        ],
        "R Ventral Occipital Horn": [
            21.817532034342012,
            -43.38043891549436,
            32.54529279047925
        ],
        "L Ventral Occipital Horn": [
            -18.16068018853973,
            -47.1159111765349,
            33.80821495651228
        ],
        "R Olfactory Fundus": [
            14.4721938655704,
            43.73826705906191,
            30.75255962691096
        ],
        "L Olfactory Fundus": [
            -9.12118819683112,
            40.90244935338988,
            29.443473530513
        ]
    }
}
