{
    "IntendedFor": "anat/sub-106_run-01_T1w.nii.gz",
    "FiducialsCoordinateSystem": "RAS",
    "FiducialsCoordinateUnits": "mm",
    "FiducialsCoordinateSystemDescription": "RAS orientation: Origin halfway between LPA and RPA, positive x-axis towards RPA, positive y-axis orthogonal to x-axis through Nasion,  z-axis orthogonal to xy-plane, pointing in superior direction.",
    "FiducialsCoordinates": {
        "AC": [
            -8.889185245128562,
            39.79892316055312,
            1.5183604967008395
        ],
        "PC": [
            -5.570424037350466,
            13.706660459087894,
            -2.3284032108909813
        ],
        "Infracollicular Sulcus": [
            -4.295841050892449,
            4.208510195895453,
            -11.722268203969517
        ],
        "PMJ": [
            -6.027660624581245,
            19.683899218895156,
            -14.123038077542262
        ],
        "Superior IPF": [
            -6.73447011288634,
            23.81603468450275,
            -6.762989087613372
        ],
        "Right Superior LMS": [
            6.381823486094918,
            13.418104050662649,
            -9.060652347588476
        ],
        "Left Superior LMS": [
            -16.650927365576518,
            10.709347891722562,
            -9.942522291251889
        ],
        "Right Inferior LMS": [
            5.484724689249409,
            11.38797551283466,
            -18.23570429980968
        ],
        "Left Inferior LMS": [
            -15.288761823745851,
            9.392513612179814,
            -19.02820049790493
        ],
        "Culmen": [
            -2.7698292466278582,
            -12.53242369282632,
            -5.122548532676058
        ],
        "Intermammillary Sulcus": [
            -7.550719783104053,
            29.86402745749383,
            -7.644701254236163
        ],
        "Right Mammilary Body": [
            -5.354971292776179,
            30.36205839530486,
            -7.288766234871346
        ],
        "Left Mammilary Body": [
            -9.480337346874736,
            29.707223588111027,
            -7.540522233267555
        ],
        "Pineal Gland": [
            -4.56664627726218,
            6.578403712192676,
            -2.435001532418665
        ],
        "Right LV at AC": [
            4.607197431519921,
            39.70769693882693,
            29.506927919155597
        ],
        "Left LV at AC": [
            -25.607452034471983,
            33.921194212566334,
            28.05638791739518
        ],
        "Right LV at PC": [
            11.133998140897107,
            12.043942639768424,
            24.16833495266927
        ],
        "Left LV at PC": [
            -24.210824981456064,
            8.195772456485624,
            23.285698498118823
        ],
        "Genu of CC": [
            -13.04994125894829,
            70.65671633849345,
            12.42526566723118
        ],
        "Splenium of CC": [
            -3.985918654981842,
            1.2268744653169192,
            -0.5972673814895235
        ],
        "Right AL Temporal Horn": [
            23.38803311045535,
            39.92651249538684,
            -17.46971991317966
        ],
        "Left AL Tempral Horn": [
            -35.22099755728611,
            33.37356368605097,
            -22.141247027205143
        ],
        "R. Sup. AM Temporal Horn": [
            11.442178523784868,
            29.99895775025958,
            -10.978752435183754
        ],
        "L. Sup. AM Temporal Horn": [
            -27.13674102743388,
            25.96145665693068,
            -11.949255325790958
        ],
        "R Inf. AM Temp Horn": [
            17.467907769168857,
            38.48414563582767,
            -18.851623691817213
        ],
        "L Inf. AM Temp Horn": [
            -30.616775818609145,
            32.84603199814482,
            -20.92230700010645
        ],
        "Right IG Origin": [
            12.837202923889016,
            1.8355062668486029,
            -3.546972996811361
        ],
        "Left IG Origin": [
            -21.51077263749655,
            -4.818922816199845,
            -5.897933610314604
        ],
        "R Ventral Occipital Horn": [
            21.30907019774541,
            -37.18012596686283,
            -6.909433331385867
        ],
        "L Ventral Occipital Horn": [
            -14.991454791693936,
            -45.50465279642767,
            -17.954649565416986
        ],
        "R Olfactory Fundus": [
            0.4040902783407739,
            55.6800950214732,
            -1.716249935059284
        ],
        "L Olfactory Fundus": [
            -22.587230119477404,
            53.82604222789264,
            -3.817703784129793
        ]
    }
}
