{
    "IntendedFor": "anat/sub-141_run-01_T1w.nii.gz",
    "FiducialsCoordinateSystem": "RAS",
    "FiducialsCoordinateUnits": "mm",
    "FiducialsCoordinateSystemDescription": "RAS orientation: Origin halfway between LPA and RPA, positive x-axis towards RPA, positive y-axis orthogonal to x-axis through Nasion,  z-axis orthogonal to xy-plane, pointing in superior direction.",
    "FiducialsCoordinates": {
        "AC": [
            -1.3834155653509608,
            30.316525457799788,
            -20.98336798786709
        ],
        "PC": [
            -2.1966622169519017,
            4.074792622345605,
            -20.1114235277848
        ],
        "Infracollicular Sulcus": [
            -3.607377614504135,
            -7.743941461994167,
            -27.907131840940643
        ],
        "PMJ": [
            -4.168365720645303,
            11.1779201407323,
            -34.473634087301534
        ],
        "Superior IPF": [
            -2.784957669187748,
            14.841201960343904,
            -28.016380399495155
        ],
        "Right Superior LMS": [
            7.914505551110096,
            0.2484860261626643,
            -28.688519420162503
        ],
        "Left Superior LMS": [
            -13.896937050249916,
            1.154184469274067,
            -25.788857686977916
        ],
        "Right Inferior LMS": [
            6.225460991075438,
            -2.144494647840557,
            -37.901700992247655
        ],
        "Left Inferior LMS": [
            -14.607418113444378,
            -0.1455842183422063,
            -34.79576389635109
        ],
        "Culmen": [
            -3.260226611322828,
            -22.236193801874137,
            -19.78962460716763
        ],
        "Intermammillary Sulcus": [
            -2.5893161411077488,
            20.85374461650205,
            -29.72540954075573
        ],
        "Right Mammilary Body": [
            -0.1301794176951659,
            20.858459566519617,
            -30.06028429484399
        ],
        "Left Mammilary Body": [
            -4.558935128101939,
            20.94807476899084,
            -29.34696627365624
        ],
        "Pineal Gland": [
            -1.960029811726716,
            -2.010523841207267,
            -17.793942191322415
        ],
        "Right LV at AC": [
            13.57779247501069,
            31.315413417238855,
            1.632009824182136
        ],
        "Left LV at AC": [
            -10.402320272101942,
            31.75867225425346,
            4.613059061770128
        ],
        "Right LV at PC": [
            16.375687378686404,
            4.738867825080336,
            2.487408832066756
        ],
        "Left LV at PC": [
            -14.034012710481472,
            5.249696561621796,
            5.967831230324373
        ],
        "Genu of CC": [
            0.6765108373861388,
            59.803870107791774,
            -13.296628507613905
        ],
        "Splenium of CC": [
            -1.885735997823972,
            -6.902803658729384,
            -16.19075952170808
        ],
        "Right AL Temporal Horn": [
            31.58594523209472,
            22.790298051857363,
            -40.53886123059338
        ],
        "Left AL Tempral Horn": [
            -36.892968715913966,
            23.507954694780523,
            -33.65619205352633
        ],
        "R. Sup. AM Temporal Horn": [
            16.847975853771793,
            17.422856169148194,
            -32.229535990173154
        ],
        "L. Sup. AM Temporal Horn": [
            -22.23207869764051,
            20.08945732289414,
            -29.979462300542355
        ],
        "R Inf. AM Temp Horn": [
            23.8005848096318,
            22.681265603605272,
            -43.4222070437571
        ],
        "L Inf. AM Temp Horn": [
            -24.442821336773,
            23.472332033533245,
            -38.833935145677565
        ],
        "Right IG Origin": [
            12.909802283269364,
            -10.383347030309077,
            -19.398256867844676
        ],
        "Left IG Origin": [
            -18.168497455317716,
            -10.626174259693942,
            -16.062164631166137
        ],
        "R Ventral Occipital Horn": [
            14.6993520476772,
            -43.87505534763732,
            -18.843018383194
        ],
        "L Ventral Occipital Horn": [
            -22.481469839808238,
            -46.322483472797536,
            -15.161181534605204
        ],
        "R Olfactory Fundus": [
            9.191986024952667,
            45.21712905553182,
            -27.59673695533276
        ],
        "L Olfactory Fundus": [
            -13.848288089357286,
            45.98235223885207,
            -26.035135810476373
        ]
    }
}
