{
    "IntendedFor": "anat/sub-125_run-01_T1w.nii.gz",
    "FiducialsCoordinateSystem": "RAS",
    "FiducialsCoordinateUnits": "mm",
    "FiducialsCoordinateSystemDescription": "RAS orientation: Origin halfway between LPA and RPA, positive x-axis towards RPA, positive y-axis orthogonal to x-axis through Nasion,  z-axis orthogonal to xy-plane, pointing in superior direction.",
    "FiducialsCoordinates": {
        "AC": [
            2.332853833961396,
            42.17537773377701,
            10.044431280178353
        ],
        "PC": [
            2.4804439861307666,
            16.47603724096651,
            7.287592393276995
        ],
        "Infracollicular Sulcus": [
            2.471181419070039,
            7.26787670706929,
            -0.8929081797520257
        ],
        "PMJ": [
            2.185471266729831,
            19.36161902040284,
            -7.934419850778596
        ],
        "Superior IPF": [
            2.3776231304723,
            25.940237992907655,
            1.8004156158133555
        ],
        "Right Superior LMS": [
            13.344277561752222,
            14.947048312048318,
            -0.0410954364514514
        ],
        "Left Superior LMS": [
            -8.281900123981108,
            14.059846014760662,
            0.0134081133545372
        ],
        "Right Inferior LMS": [
            12.357752867445452,
            12.009858452884274,
            -8.947682656495575
        ],
        "Left Inferior LMS": [
            -7.489301730688145,
            11.5972583259165,
            -9.924888252163315
        ],
        "Culmen": [
            2.376420378416942,
            -8.461189239135749,
            7.241649856573619
        ],
        "Intermammillary Sulcus": [
            2.487770897378064,
            32.857325623450016,
            0.4115051391040465
        ],
        "Right Mammilary Body": [
            4.980736874030083,
            32.83579887493022,
            0.3557797856210967
        ],
        "Left Mammilary Body": [
            -0.0546202379903983,
            32.73222107551301,
            0.6544250088989163
        ],
        "Pineal Gland": [
            2.6726483284700544,
            9.361878487754108,
            9.396838766700252
        ],
        "Right LV at AC": [
            19.384397502750527,
            39.93059667508203,
            40.60889950738739
        ],
        "Left LV at AC": [
            -13.369021983773612,
            39.714244068234095,
            39.88773466293538
        ],
        "Right LV at PC": [
            20.618809860260267,
            12.80945444266406,
            38.54018916509841
        ],
        "Left LV at PC": [
            -15.413642495337864,
            13.840689284927322,
            40.82577935390104
        ],
        "Genu of CC": [
            1.9559347815909385,
            69.71885925304403,
            25.117104804941384
        ],
        "Splenium of CC": [
            2.442493418108856,
            2.0905911780215574,
            15.656010667662953
        ],
        "Right AL Temporal Horn": [
            35.8997873679905,
            38.402607306115264,
            -10.497816626894192
        ],
        "Left AL Tempral Horn": [
            -30.39070961792159,
            35.88202703222909,
            -10.568710977690978
        ],
        "R. Sup. AM Temporal Horn": [
            21.12758351372335,
            31.525521108048963,
            -1.550226079774162
        ],
        "L. Sup. AM Temporal Horn": [
            -17.041469292721395,
            29.848532608645684,
            -1.5550062920103294
        ],
        "R Inf. AM Temp Horn": [
            25.403364921212823,
            38.139912552523946,
            -12.392795294249806
        ],
        "L Inf. AM Temp Horn": [
            -19.223651338717605,
            36.714523120316834,
            -11.43734825765548
        ],
        "Right IG Origin": [
            12.651716990004577,
            4.205064498297062,
            10.554092279264554
        ],
        "Left IG Origin": [
            -10.394268207375417,
            -0.5203297777203324,
            10.223230826945642
        ],
        "R Ventral Occipital Horn": [
            24.864143028988387,
            -38.82957102149515,
            2.922658609026525
        ],
        "L Ventral Occipital Horn": [
            -9.99667071883562,
            -45.928288970379455,
            -6.822843489508367
        ],
        "R Olfactory Fundus": [
            13.892654218720168,
            59.026551746417226,
            6.650551801630843
        ],
        "L Olfactory Fundus": [
            -9.891316379531007,
            56.0548663735121,
            6.306265893609032
        ]
    }
}
