{
    "IntendedFor": "anat/sub-147_run-01_T1w.nii.gz",
    "FiducialsCoordinateSystem": "RAS",
    "FiducialsCoordinateUnits": "mm",
    "FiducialsCoordinateSystemDescription": "RAS orientation: Origin halfway between LPA and RPA, positive x-axis towards RPA, positive y-axis orthogonal to x-axis through Nasion,  z-axis orthogonal to xy-plane, pointing in superior direction.",
    "FiducialsCoordinates": {
        "AC": [
            -8.96463450934011,
            38.14173660828574,
            10.569614291574307
        ],
        "PC": [
            -6.420773211271539,
            12.446282282121622,
            8.920232389982681
        ],
        "Infracollicular Sulcus": [
            -5.38530670632297,
            2.441968693287341,
            1.106647353187927
        ],
        "PMJ": [
            -7.1932284514636695,
            18.122292637101506,
            -5.248055320850108
        ],
        "Superior IPF": [
            -7.471212193292956,
            23.57452488549122,
            3.112293915441827
        ],
        "Right Superior LMS": [
            4.705522569504397,
            11.03591229018053,
            2.411142833531416
        ],
        "Left Superior LMS": [
            -18.179126939223384,
            8.968793021649727,
            2.1531345002379583
        ],
        "Right Inferior LMS": [
            4.2764605591673295,
            8.907986857636534,
            -7.477396223769666
        ],
        "Left Inferior LMS": [
            -16.13200147131868,
            7.598268646206749,
            -7.225404560729222
        ],
        "Culmen": [
            -4.915684408102723,
            -15.090994855902789,
            7.606540358991419
        ],
        "Intermammillary Sulcus": [
            -8.03793257633924,
            28.9792075984712,
            1.6989740089773402
        ],
        "Right Mammilary Body": [
            -5.865174336025566,
            29.328224239682164,
            2.041810346559849
        ],
        "Left Mammilary Body": [
            -10.309995072682655,
            28.54382792253125,
            2.047864260778977
        ],
        "Pineal Gland": [
            -5.835923521033333,
            5.626006421504923,
            9.731701532869751
        ],
        "Right LV at AC": [
            5.429827939179803,
            39.59793642417398,
            37.75553426195636
        ],
        "Left LV at AC": [
            -23.182646004249666,
            36.86849567788623,
            35.82663873244475
        ],
        "Right LV at PC": [
            9.130834060731097,
            12.394753544904775,
            36.47833934441612
        ],
        "Left LV at PC": [
            -22.826452687736516,
            9.034069478459084,
            35.89246645314442
        ],
        "Genu of CC": [
            -11.84426088615246,
            67.02080952101484,
            17.9438753804957
        ],
        "Splenium of CC": [
            -5.650760206759405,
            -2.5590900714033107,
            12.74532102980211
        ],
        "Right AL Temporal Horn": [
            23.340057421653672,
            32.68259595978097,
            -7.998704951795332
        ],
        "Left AL Tempral Horn": [
            -38.17526354379321,
            25.963913750957044,
            -8.79608670412112
        ],
        "R. Sup. AM Temporal Horn": [
            11.423348761288906,
            27.050715536762382,
            -1.9502318228055948
        ],
        "L. Sup. AM Temporal Horn": [
            -28.144039592342928,
            23.20005955727593,
            -2.437774948897838
        ],
        "R Inf. AM Temp Horn": [
            15.182143447161934,
            32.00413069020831,
            -8.885619019230193
        ],
        "L Inf. AM Temp Horn": [
            -29.66435826446812,
            26.778473403715488,
            -8.681905036606203
        ],
        "Right IG Origin": [
            6.903217530125477,
            0.9024539463165206,
            11.03387127213856
        ],
        "Left IG Origin": [
            -17.2313551123357,
            -4.580149935460169,
            9.440200641084388
        ],
        "R Ventral Occipital Horn": [
            13.645213995150694,
            -40.05372371410008,
            7.3046662854598114
        ],
        "L Ventral Occipital Horn": [
            -18.62484206363832,
            -46.63580741561461,
            6.670862565749745
        ],
        "R Olfactory Fundus": [
            0.1170961470556886,
            53.96884496645117,
            6.428765224007023
        ],
        "L Olfactory Fundus": [
            -21.237180451616908,
            51.90848893601199,
            6.6291715038502845
        ]
    }
}
