{
    "IntendedFor": "anat/sub-116_run-01_T1w.nii.gz",
    "FiducialsCoordinateSystem": "RAS",
    "FiducialsCoordinateUnits": "mm",
    "FiducialsCoordinateSystemDescription": "RAS orientation: Origin halfway between LPA and RPA, positive x-axis towards RPA, positive y-axis orthogonal to x-axis through Nasion,  z-axis orthogonal to xy-plane, pointing in superior direction.",
    "FiducialsCoordinates": {
        "AC": [
            -1.0508415598659142,
            61.97013193443398,
            14.721339972361363
        ],
        "PC": [
            -2.1890851352203256,
            35.95632221051676,
            7.210843521912613
        ],
        "Infracollicular Sulcus": [
            -1.4671863618139729,
            28.700766651100945,
            -0.9297598554403106
        ],
        "PMJ": [
            -0.3493471477454277,
            44.51116234669221,
            -4.62962807101446
        ],
        "Superior IPF": [
            -0.6801123238561705,
            46.5604467221459,
            3.448198306955425
        ],
        "Right Superior LMS": [
            11.611800380811305,
            35.33391423007942,
            2.362898248784968
        ],
        "Left Superior LMS": [
            -13.259825189524586,
            36.70363578966671,
            -1.0774055699522396
        ],
        "Right Inferior LMS": [
            11.377332300813986,
            33.93819918492163,
            -6.286614506058776
        ],
        "Left Inferior LMS": [
            -10.887633437218703,
            35.009914412869,
            -9.980350712450416
        ],
        "Culmen": [
            -3.7497490054988383,
            10.92241990741137,
            5.412332596874438
        ],
        "Intermammillary Sulcus": [
            -0.6166604201195406,
            53.443759298294125,
            4.235018490711524
        ],
        "Right Mammilary Body": [
            2.1377247851601755,
            53.46962672049269,
            4.500766299829835
        ],
        "Left Mammilary Body": [
            -2.809865032927745,
            53.58549873222114,
            4.09685767369398
        ],
        "Pineal Gland": [
            -2.269651458396873,
            29.483601358759547,
            6.709187069762059
        ],
        "Right LV at AC": [
            14.57668739967024,
            54.15998487689647,
            42.93787629690728
        ],
        "Left LV at AC": [
            -22.960863953453288,
            56.28339049808825,
            40.18593761755692
        ],
        "Right LV at PC": [
            14.14225004102068,
            27.370149119228405,
            35.491179852312584
        ],
        "Left LV at PC": [
            -24.976651675688203,
            31.01012889836332,
            32.308891763849864
        ],
        "Genu of CC": [
            -0.9413780801759152,
            92.23753269090568,
            30.62557673393285
        ],
        "Splenium of CC": [
            -3.767040899988444,
            21.63962739600952,
            10.548075328480277
        ],
        "Right AL Temporal Horn": [
            35.94015760153356,
            62.79586449378081,
            -6.1500431586936175
        ],
        "Left AL Tempral Horn": [
            -30.813152306179692,
            66.39071365575596,
            -11.78816923680544
        ],
        "R. Sup. AM Temporal Horn": [
            21.63352063538108,
            52.313591202512974,
            0.0331131646121291
        ],
        "L. Sup. AM Temporal Horn": [
            -20.715338567680835,
            55.85371910781718,
            -3.3237540364967857
        ],
        "R Inf. AM Temp Horn": [
            26.949161388456485,
            60.727291779747546,
            -8.436631311749844
        ],
        "L Inf. AM Temp Horn": [
            -20.38085167463941,
            64.68298888653108,
            -11.451586681004876
        ],
        "Right IG Origin": [
            15.356029849258883,
            21.84419111332743,
            9.494447572053572
        ],
        "Left IG Origin": [
            -24.35353548103671,
            22.05858201636412,
            3.1823408286803136
        ],
        "R Ventral Occipital Horn": [
            14.052468168896672,
            -19.613548180884614,
            -5.023364582666432
        ],
        "L Ventral Occipital Horn": [
            -27.603731055376755,
            -18.490275028473505,
            -14.601600716222558
        ],
        "R Olfactory Fundus": [
            13.520262279367078,
            78.93955288499123,
            11.8397414335602
        ],
        "L Olfactory Fundus": [
            -12.489818879790482,
            79.71620325231318,
            10.12440923947183
        ]
    }
}
