{
    "IntendedFor": "anat/sub-128_run-01_T1w.nii.gz",
    "FiducialsCoordinateSystem": "RAS",
    "FiducialsCoordinateUnits": "mm",
    "FiducialsCoordinateSystemDescription": "RAS orientation: Origin halfway between LPA and RPA, positive x-axis towards RPA, positive y-axis orthogonal to x-axis through Nasion,  z-axis orthogonal to xy-plane, pointing in superior direction.",
    "FiducialsCoordinates": {
        "AC": [
            -3.0812402367613254,
            48.59357283082693,
            10.272088886128062
        ],
        "PC": [
            -3.920670196846321,
            22.70331503193723,
            2.25311674903171
        ],
        "Infracollicular Sulcus": [
            -4.15916009300566,
            14.97200590642862,
            -7.137821236914649
        ],
        "PMJ": [
            -3.6072072952326337,
            30.86360305558697,
            -10.412096184808794
        ],
        "Superior IPF": [
            -3.423919917545598,
            35.09508044236158,
            -1.5747521209437252
        ],
        "Right Superior LMS": [
            7.154033211930009,
            23.070976927169504,
            -4.3151509469541
        ],
        "Left Superior LMS": [
            -15.877663193868324,
            24.583598255377662,
            -5.218848503308105
        ],
        "Right Inferior LMS": [
            6.551017281918844,
            22.85786310092704,
            -13.449980306134751
        ],
        "Left Inferior LMS": [
            -14.34522909328042,
            23.39856313811481,
            -14.401655515481329
        ],
        "Culmen": [
            -5.85476336388466,
            -3.0540129325569323,
            -0.5021419060053696
        ],
        "Intermammillary Sulcus": [
            -3.093757070521879,
            41.69456419653199,
            -1.7295502492239492
        ],
        "Right Mammilary Body": [
            -0.6081666782507508,
            41.78403306022433,
            -1.4852863938664085
        ],
        "Left Mammilary Body": [
            -5.381496715629223,
            41.73453651017638,
            -1.6751484119767497
        ],
        "Pineal Gland": [
            -3.8878888412354526,
            16.45298761981452,
            2.49984992366786
        ],
        "Right LV at AC": [
            10.774107955148576,
            40.77510509191477,
            32.87529687683614
        ],
        "Left LV at AC": [
            -19.541851353912666,
            42.47406880065986,
            32.92942430937584
        ],
        "Right LV at PC": [
            13.285653250684865,
            16.37586035113318,
            29.211875389723083
        ],
        "Left LV at PC": [
            -24.619469333078325,
            18.63572790719437,
            26.033741036875284
        ],
        "Genu of CC": [
            -2.2179814080706963,
            76.3822970284915,
            25.670799841995745
        ],
        "Splenium of CC": [
            -4.753066894671458,
            12.914322466368668,
            6.013868837358812
        ],
        "Right AL Temporal Horn": [
            27.292995152912265,
            45.3654173169274,
            -7.048490973269812
        ],
        "Left AL Tempral Horn": [
            -31.59013704308564,
            49.30211136938647,
            -9.436786231685424
        ],
        "R. Sup. AM Temporal Horn": [
            14.709963984319431,
            39.49550857923215,
            -3.3066898323739027
        ],
        "L. Sup. AM Temporal Horn": [
            -22.5975513990167,
            41.90175093854452,
            -3.171038043552856
        ],
        "R Inf. AM Temp Horn": [
            16.9140724427886,
            48.41409593133925,
            -10.312423702476243
        ],
        "L Inf. AM Temp Horn": [
            -24.658714114189305,
            50.45219901100944,
            -12.720838529512228
        ],
        "Right IG Origin": [
            10.331933282605869,
            8.93286311677694,
            3.6970525254111903
        ],
        "Left IG Origin": [
            -18.12911668664224,
            11.318008156383314,
            1.894951860106427
        ],
        "R Ventral Occipital Horn": [
            13.147847947937118,
            -22.620740789860104,
            -6.66716551031494
        ],
        "L Ventral Occipital Horn": [
            -24.29301303917068,
            -22.309351753911297,
            -3.783423264596232
        ],
        "R Olfactory Fundus": [
            9.59151711098536,
            63.4200927299805,
            9.471842192712971
        ],
        "L Olfactory Fundus": [
            -15.207332979101306,
            63.93534803637756,
            9.572566422429514
        ]
    }
}
