{
    "IntendedFor": "anat/sub-132_run-01_T1w.nii.gz",
    "FiducialsCoordinateSystem": "RAS",
    "FiducialsCoordinateUnits": "mm",
    "FiducialsCoordinateSystemDescription": "RAS orientation: Origin halfway between LPA and RPA, positive x-axis towards RPA, positive y-axis orthogonal to x-axis through Nasion,  z-axis orthogonal to xy-plane, pointing in superior direction.",
    "FiducialsCoordinates": {
        "AC": [
            -3.969873565426267,
            59.46284539257577,
            -0.4198436187564902
        ],
        "PC": [
            -7.368419483150167,
            32.22603743177995,
            -1.958254567128002
        ],
        "Infracollicular Sulcus": [
            -8.734596140005081,
            21.20540990793042,
            -11.082091810778907
        ],
        "PMJ": [
            -6.754734266226848,
            38.41351268558715,
            -15.71555671299486
        ],
        "Superior IPF": [
            -6.035692349012399,
            43.66587273650075,
            -7.167887357820343
        ],
        "Right Superior LMS": [
            3.319977774582869,
            29.28024573723173,
            -9.372843758499531
        ],
        "Left Superior LMS": [
            -19.41262059417873,
            31.25821249030624,
            -9.698344194732105
        ],
        "Right Inferior LMS": [
            2.49349182907718,
            27.34066021751749,
            -20.681386826073314
        ],
        "Left Inferior LMS": [
            -17.509875779140412,
            29.829443491508027,
            -20.78757518150379
        ],
        "Culmen": [
            -11.240556903378144,
            4.738846353547639,
            -2.1776277838055647
        ],
        "Intermammillary Sulcus": [
            -5.146962936740964,
            48.79093311887268,
            -9.511836435448275
        ],
        "Right Mammilary Body": [
            -2.9884024799022475,
            48.90701965408822,
            -9.177344053882582
        ],
        "Left Mammilary Body": [
            -7.497259649605053,
            49.03821800165882,
            -9.203951921732024
        ],
        "Pineal Gland": [
            -8.41523801827551,
            24.29783163460514,
            -0.0669374318834875
        ],
        "Right LV at AC": [
            11.040220001800447,
            55.87468009949221,
            26.62768403469903
        ],
        "Left LV at AC": [
            -18.377353235334844,
            59.01607043674835,
            25.798193136295687
        ],
        "Right LV at PC": [
            8.698921111108636,
            27.81046569277088,
            26.53694262699485
        ],
        "Left LV at PC": [
            -23.95979528429963,
            31.987397092554648,
            26.077862985370626
        ],
        "Genu of CC": [
            -0.8964813111088225,
            85.1862006992401,
            10.975449100798553
        ],
        "Splenium of CC": [
            -9.19542405367183,
            17.947888702884054,
            5.424752625406716
        ],
        "Right AL Temporal Horn": [
            25.303280742925786,
            48.92773919337664,
            -22.2534525873303
        ],
        "Left AL Tempral Horn": [
            -36.52299027113538,
            52.288133367281056,
            -21.755435086852557
        ],
        "R. Sup. AM Temporal Horn": [
            15.676991253725708,
            43.72576382874189,
            -10.621653438294754
        ],
        "L. Sup. AM Temporal Horn": [
            -26.272533691481637,
            47.77438768858973,
            -11.667703420659512
        ],
        "R Inf. AM Temp Horn": [
            16.087244425950868,
            50.01393319956361,
            -23.22888174026171
        ],
        "L Inf. AM Temp Horn": [
            -25.61565616294062,
            53.04474692627578,
            -23.525928368233217
        ],
        "Right IG Origin": [
            3.002266645306544,
            14.30002610200366,
            2.588659251735051
        ],
        "Left IG Origin": [
            -27.106028122548672,
            15.596167875371137,
            -0.4533615629469175
        ],
        "R Ventral Occipital Horn": [
            3.3921076315406404,
            -15.949287022804466,
            -0.8674884006408027
        ],
        "L Ventral Occipital Horn": [
            -31.175877265325163,
            -14.598476159751357,
            -2.931380978192065
        ],
        "R Olfactory Fundus": [
            8.124672168974957,
            73.01126538892844,
            -6.427925908181832
        ],
        "L Olfactory Fundus": [
            -15.701496028739152,
            74.95800081231617,
            -7.087708992750478
        ]
    }
}
