{
    "IntendedFor": "anat/sub-139_run-01_T1w.nii.gz",
    "FiducialsCoordinateSystem": "RAS",
    "FiducialsCoordinateUnits": "mm",
    "FiducialsCoordinateSystemDescription": "RAS orientation: Origin halfway between LPA and RPA, positive x-axis towards RPA, positive y-axis orthogonal to x-axis through Nasion,  z-axis orthogonal to xy-plane, pointing in superior direction.",
    "FiducialsCoordinates": {
        "AC": [
            -1.322404506577318,
            33.281728882146595,
            39.08476252869106
        ],
        "PC": [
            -2.552806136464821,
            7.62596386530996,
            36.1201775304536
        ],
        "Infracollicular Sulcus": [
            -3.051862136464821,
            -0.5668314401034291,
            27.742960270150387
        ],
        "PMJ": [
            -2.2380818932902318,
            14.466239718859883,
            21.271764370328587
        ],
        "Superior IPF": [
            -1.7883694454565138,
            18.13091716923771,
            30.650220759210026
        ],
        "Right Superior LMS": [
            9.29138048745563,
            5.42448319997302,
            29.028242087503664
        ],
        "Left Superior LMS": [
            -14.253280806781117,
            7.627758267793425,
            29.220761012224784
        ],
        "Right Inferior LMS": [
            8.08712479922114,
            4.807244274809681,
            18.905583290166152
        ],
        "Left Inferior LMS": [
            -13.12481664039326,
            5.847698276860044,
            18.345552449141906
        ],
        "Culmen": [
            -3.928009311546475,
            -15.082763193889589,
            31.37180916960362
        ],
        "Intermammillary Sulcus": [
            -1.805451518214116,
            24.32773951470661,
            28.71384221627165
        ],
        "Right Mammilary Body": [
            0.5590134737626868,
            24.489895557554615,
            28.97844240404745
        ],
        "Left Mammilary Body": [
            -4.017978471103548,
            24.555086303991963,
            28.79993392037692
        ],
        "Pineal Gland": [
            -2.8090024511058704,
            2.1648052585627084,
            35.81470403214491
        ],
        "Right LV at AC": [
            11.131026061443482,
            29.82052362138139,
            62.16556795858438
        ],
        "Left LV at AC": [
            -17.945853976789024,
            31.57690413175059,
            65.1931619312961
        ],
        "Right LV at PC": [
            15.637012096364112,
            1.81366495284507,
            62.42081156901172
        ],
        "Left LV at PC": [
            -21.135369992197734,
            4.944489043712574,
            62.07335819604916
        ],
        "Genu of CC": [
            0.4983046496486101,
            58.190364548002336,
            50.09849954666849
        ],
        "Splenium of CC": [
            -3.1723636041958243,
            -3.754756690571012,
            37.78693938906253
        ],
        "Right AL Temporal Horn": [
            32.314677127600035,
            24.96181815639845,
            21.897274822130253
        ],
        "Left AL Tempral Horn": [
            -33.53433839494661,
            28.584218757752147,
            20.0978297571204
        ],
        "R. Sup. AM Temporal Horn": [
            19.25314801432425,
            19.88836007121697,
            27.432595324979467
        ],
        "L. Sup. AM Temporal Horn": [
            -22.66467867639171,
            23.455043953499928,
            26.97425030282701
        ],
        "R Inf. AM Temp Horn": [
            22.491473698282952,
            26.69011241921884,
            17.073206014669207
        ],
        "L Inf. AM Temp Horn": [
            -24.370535657342668,
            29.447038588854003,
            15.399108610601274
        ],
        "Right IG Origin": [
            14.361053461082642,
            -9.896399609516404,
            35.4641797643412
        ],
        "Left IG Origin": [
            -16.400313972453617,
            -6.732844869523208,
            33.77947864588906
        ],
        "R Ventral Occipital Horn": [
            16.219567906912193,
            -42.97032368422249,
            29.51812346337014
        ],
        "L Ventral Occipital Horn": [
            -22.615840052504662,
            -43.37292438965478,
            24.128951100593987
        ],
        "R Olfactory Fundus": [
            11.759372798303492,
            46.97922768784333,
            34.99148086421783
        ],
        "L Olfactory Fundus": [
            -13.516664089470416,
            49.0152413657067,
            33.18416517847099
        ]
    }
}
