{
    "IntendedFor": "anat/sub-126_run-01_T1w.nii.gz",
    "FiducialsCoordinateSystem": "RAS",
    "FiducialsCoordinateUnits": "mm",
    "FiducialsCoordinateSystemDescription": "RAS orientation: Origin halfway between LPA and RPA, positive x-axis towards RPA, positive y-axis orthogonal to x-axis through Nasion,  z-axis orthogonal to xy-plane, pointing in superior direction.",
    "FiducialsCoordinates": {
        "AC": [
            -4.042934003239401,
            41.8600912473698,
            -6.895591612504978
        ],
        "PC": [
            -1.191146992846445,
            14.42588379684698,
            -11.153196708433326
        ],
        "Infracollicular Sulcus": [
            0.6866979598516766,
            5.104479536550232,
            -19.946727396861935
        ],
        "PMJ": [
            -0.187797752737415,
            23.103507012981844,
            -25.622792820053707
        ],
        "Superior IPF": [
            -1.6334992483865527,
            27.4652871804004,
            -16.913978548210313
        ],
        "Right Superior LMS": [
            11.952535943680148,
            14.641250476453845,
            -18.341227544244173
        ],
        "Left Superior LMS": [
            -11.677194867926136,
            12.943200380046688,
            -20.688778353834746
        ],
        "Right Inferior LMS": [
            11.238407908970572,
            13.48340677096543,
            -28.102417533630813
        ],
        "Left Inferior LMS": [
            -9.280864854058544,
            12.097710206597034,
            -30.007245975106905
        ],
        "Culmen": [
            0.7930201615809421,
            -8.076364543531913,
            -14.092301591078018
        ],
        "Intermammillary Sulcus": [
            -1.9982102914400728,
            33.593172929095616,
            -18.163112852800857
        ],
        "Right Mammilary Body": [
            -0.0564155769569473,
            33.711810971940395,
            -18.010423187035848
        ],
        "Left Mammilary Body": [
            -3.735341805923197,
            32.98627488625085,
            -18.39176251856587
        ],
        "Pineal Gland": [
            -0.7046620645907103,
            7.446459885712301,
            -9.978061337016026
        ],
        "Right LV at AC": [
            7.704736943291448,
            39.55618269939976,
            18.74795412162602
        ],
        "Left LV at AC": [
            -19.83300932018945,
            36.99627002165211,
            16.406425728006866
        ],
        "Right LV at PC": [
            14.320966922672875,
            11.527052927976966,
            14.660952460709158
        ],
        "Left LV at PC": [
            -21.5742337702421,
            8.05932587645708,
            11.272469279214624
        ],
        "Genu of CC": [
            -6.9777458982111344,
            67.49773162945527,
            8.752305031491712
        ],
        "Splenium of CC": [
            -0.5128261488883311,
            2.7214516132298394,
            -5.420445530131938
        ],
        "Right AL Temporal Horn": [
            32.76835755676301,
            42.36810783105972,
            -25.52188367888934
        ],
        "Left AL Tempral Horn": [
            -34.25214100147586,
            36.95957650891597,
            -31.20620162027011
        ],
        "R. Sup. AM Temporal Horn": [
            18.18084156028173,
            33.78439223458947,
            -16.788947703234058
        ],
        "L. Sup. AM Temporal Horn": [
            -21.507347661022333,
            31.56695959388304,
            -22.62224678400002
        ],
        "R Inf. AM Temp Horn": [
            21.960900301255023,
            41.42708210352011,
            -27.248702561877597
        ],
        "L Inf. AM Temp Horn": [
            -23.83433744811796,
            39.749688528925184,
            -31.718573071524297
        ],
        "Right IG Origin": [
            16.408659433850843,
            0.3702426482168174,
            -8.265924531999932
        ],
        "Left IG Origin": [
            -18.16454499015594,
            -4.2756574921984445,
            -12.211839034006532
        ],
        "R Ventral Occipital Horn": [
            25.009060956669117,
            -27.734694229311646,
            -15.665238867036726
        ],
        "L Ventral Occipital Horn": [
            -13.266846133886911,
            -39.05473704112248,
            -20.851075022076568
        ],
        "R Olfactory Fundus": [
            6.499398764199867,
            58.90639770534316,
            -7.992855866034159
        ],
        "L Olfactory Fundus": [
            -17.176618258227847,
            57.98719664281002,
            -10.063020985318332
        ]
    }
}
