{
    "IntendedFor": "anat/sub-138_run-01_T1w.nii.gz",
    "FiducialsCoordinateSystem": "RAS",
    "FiducialsCoordinateUnits": "mm",
    "FiducialsCoordinateSystemDescription": "RAS orientation: Origin halfway between LPA and RPA, positive x-axis towards RPA, positive y-axis orthogonal to x-axis through Nasion,  z-axis orthogonal to xy-plane, pointing in superior direction.",
    "FiducialsCoordinates": {
        "AC": [
            -11.38335976761215,
            32.89418122818863,
            -23.914142226137933
        ],
        "PC": [
            -11.69948002954811,
            7.974022133310001,
            -29.006306731962507
        ],
        "Infracollicular Sulcus": [
            -11.870920081935305,
            0.2532983214335081,
            -37.70354355203567
        ],
        "PMJ": [
            -11.953729985765454,
            15.579247676383654,
            -41.53349081248372
        ],
        "Superior IPF": [
            -11.6884263907228,
            19.26412931908319,
            -33.80498371476985
        ],
        "Right Superior LMS": [
            -0.0137970691354006,
            6.726020164547028,
            -36.19650918419551
        ],
        "Left Superior LMS": [
            -23.815190637786102,
            7.384617577694962,
            -36.251484531629
        ],
        "Right Inferior LMS": [
            -1.5853221068320962,
            5.852913794359312,
            -45.28774063754742
        ],
        "Left Inferior LMS": [
            -22.538868404308214,
            6.663985201275123,
            -44.93379267785773
        ],
        "Culmen": [
            -12.3852334355575,
            -14.95481514684734,
            -34.09031584736815
        ],
        "Intermammillary Sulcus": [
            -11.61947347797503,
            25.2227834665712,
            -34.16476598822451
        ],
        "Right Mammilary Body": [
            -9.617695146695382,
            25.14907487259445,
            -34.16496434785326
        ],
        "Left Mammilary Body": [
            -13.2563385401504,
            25.138179812948103,
            -34.099474989350504
        ],
        "Pineal Gland": [
            -11.489958294795324,
            2.098031939355277,
            -28.0748542921008
        ],
        "Right LV at AC": [
            3.6108422182094273,
            30.293245151525696,
            -0.1889453191060723
        ],
        "Left LV at AC": [
            -25.62175419984377,
            29.73745424149444,
            0.5328269823263481
        ],
        "Right LV at PC": [
            5.220576563911537,
            2.8816243636738634,
            -6.2176721130246815
        ],
        "Left LV at PC": [
            -28.407177073959748,
            3.196722917523308,
            -5.68042482123412
        ],
        "Genu of CC": [
            -10.262460995461746,
            61.18510264019098,
            -8.50596507750141
        ],
        "Splenium of CC": [
            -11.783328984976574,
            -4.833658684201522,
            -27.03558919188124
        ],
        "Right AL Temporal Horn": [
            20.162596384328744,
            33.81866543155534,
            -45.80090599543102
        ],
        "Left AL Tempral Horn": [
            -42.05630021574057,
            32.91805787428052,
            -45.44834280302389
        ],
        "R. Sup. AM Temporal Horn": [
            7.123063301967204,
            22.07851550773502,
            -37.2230197187951
        ],
        "L. Sup. AM Temporal Horn": [
            -30.65559822588341,
            22.54342502073821,
            -37.17401947464575
        ],
        "R Inf. AM Temp Horn": [
            11.134598096996084,
            32.91619385656283,
            -46.82282252365184
        ],
        "L Inf. AM Temp Horn": [
            -33.64211085196061,
            33.13955610235418,
            -46.54586380298146
        ],
        "Right IG Origin": [
            2.8633694219310075,
            -7.320477043507559,
            -28.95443104098815
        ],
        "Left IG Origin": [
            -27.806456187290145,
            -8.9920542251724,
            -30.32675629372443
        ],
        "R Ventral Occipital Horn": [
            4.487062176268802,
            -36.36774070451552,
            -39.52058733330925
        ],
        "L Ventral Occipital Horn": [
            -32.43790510252748,
            -39.15484496849278,
            -42.39008354685625
        ],
        "R Olfactory Fundus": [
            -0.5293594282840383,
            47.40808821571791,
            -23.76814171226996
        ],
        "L Olfactory Fundus": [
            -23.294759776228155,
            48.36661387875029,
            -25.468360209745686
        ]
    }
}
