{
    "IntendedFor": "anat/sub-146_run-01_T1w.nii.gz",
    "FiducialsCoordinateSystem": "RAS",
    "FiducialsCoordinateUnits": "mm",
    "FiducialsCoordinateSystemDescription": "RAS orientation: Origin halfway between LPA and RPA, positive x-axis towards RPA, positive y-axis orthogonal to x-axis through Nasion,  z-axis orthogonal to xy-plane, pointing in superior direction.",
    "FiducialsCoordinates": {
        "AC": [
            -3.580828428918778,
            35.66350454526625,
            6.528527136562066
        ],
        "PC": [
            -2.557152209158608,
            8.318728114152318,
            5.842181655656557
        ],
        "Infracollicular Sulcus": [
            -2.2692806047674603,
            0.0019182967904553,
            -2.2598444316962354
        ],
        "PMJ": [
            -3.278503804672302,
            15.355129609998638,
            -7.781052144285404
        ],
        "Superior IPF": [
            -3.586543069542356,
            18.321233976417155,
            -1.4258510789805725
        ],
        "Right Superior LMS": [
            7.92172287077535,
            7.94684688616533,
            -2.786907882669412
        ],
        "Left Superior LMS": [
            -13.39457982056928,
            5.606974883343974,
            -2.6029238091831024
        ],
        "Right Inferior LMS": [
            7.1176023634172605,
            5.8240502350076016,
            -10.673659071200948
        ],
        "Left Inferior LMS": [
            -13.176400871503263,
            3.803447177903892,
            -10.86892008431941
        ],
        "Culmen": [
            -2.0646845647821435,
            -18.373468144333508,
            5.754315100860713
        ],
        "Intermammillary Sulcus": [
            -3.737244775680636,
            25.477773164765477,
            -2.1363370575792744
        ],
        "Right Mammilary Body": [
            -1.910113461408196,
            25.565599034362343,
            -1.802398953288677
        ],
        "Left Mammilary Body": [
            -5.6356836474053,
            25.23881061236956,
            -1.75578938681425
        ],
        "Pineal Gland": [
            -2.027677498116076,
            3.346316802796278,
            7.699700274388618
        ],
        "Right LV at AC": [
            9.930813603267431,
            37.37821272958047,
            29.336702239487984
        ],
        "Left LV at AC": [
            -17.61644412837935,
            35.93090408261612,
            29.1776667537847
        ],
        "Right LV at PC": [
            15.090062109400415,
            7.060559356943659,
            29.11170659102435
        ],
        "Left LV at PC": [
            -19.87887582172646,
            6.451207958699544,
            29.484486077993164
        ],
        "Genu of CC": [
            -4.842497835378124,
            61.92127969247215,
            15.724975959708946
        ],
        "Splenium of CC": [
            -1.9525919925371136,
            -4.921640489162819,
            13.539704479400436
        ],
        "Right AL Temporal Horn": [
            26.736297508174168,
            32.30971599348647,
            -12.21346041308962
        ],
        "Left AL Tempral Horn": [
            -36.14540811196673,
            24.76904699081867,
            -9.018749320279795
        ],
        "R. Sup. AM Temporal Horn": [
            20.801523882966283,
            18.02832068219804,
            -2.2141490269113726
        ],
        "L. Sup. AM Temporal Horn": [
            -23.299414536331,
            22.773974711609775,
            -3.713367180871687
        ],
        "R Inf. AM Temp Horn": [
            15.621564071628432,
            31.54014093415062,
            -14.16571556819856
        ],
        "L Inf. AM Temp Horn": [
            -27.89518346699889,
            27.897626571881045,
            -12.932343925004542
        ],
        "Right IG Origin": [
            13.229489761548852,
            -5.101010533127706,
            10.32662793427333
        ],
        "Left IG Origin": [
            -19.18827042963268,
            -10.38996252314608,
            8.149370713543167
        ],
        "R Ventral Occipital Horn": [
            20.299210303924504,
            -39.56793014998906,
            3.6764636736872816
        ],
        "L Ventral Occipital Horn": [
            -18.17725903086125,
            -45.900623149830885,
            1.898418439087775
        ],
        "R Olfactory Fundus": [
            8.864269086749701,
            53.30201333897672,
            0.7734547699418085
        ],
        "L Olfactory Fundus": [
            -16.81575775522589,
            49.87692800392221,
            1.40973443373174
        ]
    }
}
