{
    "IntendedFor": "anat/sub-124_run-01_T1w.nii.gz",
    "FiducialsCoordinateSystem": "RAS",
    "FiducialsCoordinateUnits": "mm",
    "FiducialsCoordinateSystemDescription": "RAS orientation: Origin halfway between LPA and RPA, positive x-axis towards RPA, positive y-axis orthogonal to x-axis through Nasion,  z-axis orthogonal to xy-plane, pointing in superior direction.",
    "FiducialsCoordinates": {
        "AC": [
            -9.311677897493396,
            37.1060025607284,
            80.12780440664285
        ],
        "PC": [
            -4.542652606039928,
            11.019920924635768,
            78.63156476690534
        ],
        "Infracollicular Sulcus": [
            -1.7314602311678478,
            0.6706615081948453,
            69.43041079201353
        ],
        "PMJ": [
            -4.503240580456316,
            17.683914712815596,
            65.4328146156151
        ],
        "Superior IPF": [
            -5.693651102659413,
            21.23481249162201,
            72.76380211158859
        ],
        "Right Superior LMS": [
            8.738280892034494,
            12.208295200030594,
            72.32592843162283
        ],
        "Left Superior LMS": [
            -15.883917532548242,
            7.460788067879534,
            70.40671363325177
        ],
        "Right Inferior LMS": [
            9.072042211710334,
            10.505259955265696,
            61.76947440366384
        ],
        "Left Inferior LMS": [
            -13.780647206217632,
            6.322464219869135,
            60.72729905150543
        ],
        "Culmen": [
            0.0408726282294093,
            -12.231381098008637,
            77.8795117663871
        ],
        "Intermammillary Sulcus": [
            -6.755528601541647,
            27.49319259839898,
            71.11177685145881
        ],
        "Right Mammilary Body": [
            -4.328626473769138,
            28.02745497517107,
            71.27555490954954
        ],
        "Left Mammilary Body": [
            -9.109430645468356,
            26.865191579448695,
            70.98952517499268
        ],
        "Pineal Gland": [
            -3.432675820943317,
            3.982721416729312,
            79.75599429447833
        ],
        "Right LV at AC": [
            5.53526958034436,
            38.67295114085921,
            107.16036583368266
        ],
        "Left LV at AC": [
            -27.076730071091923,
            32.80355949236615,
            106.272331565964
        ],
        "Right LV at PC": [
            10.593007570660909,
            12.471553254424766,
            105.9142908971276
        ],
        "Left LV at PC": [
            -22.298314257305524,
            5.49913920900917,
            104.81216776111178
        ],
        "Genu of CC": [
            -14.640067143637877,
            62.35209573929368,
            90.10559638118572
        ],
        "Splenium of CC": [
            -2.2258119799994183,
            -2.411977302996462,
            82.35527852766539
        ],
        "Right AL Temporal Horn": [
            25.623375565841226,
            41.787990496367776,
            60.75707818332629
        ],
        "Left AL Tempral Horn": [
            -40.83390487669817,
            29.517109622892924,
            57.335512035256855
        ],
        "R. Sup. AM Temporal Horn": [
            10.34522705051698,
            29.81687003084408,
            68.65411659157151
        ],
        "L. Sup. AM Temporal Horn": [
            -24.813839436956545,
            21.952216992205276,
            66.8187137224932
        ],
        "R Inf. AM Temp Horn": [
            16.235691572439876,
            40.248198424695865,
            59.56440261323024
        ],
        "L Inf. AM Temp Horn": [
            -30.66118430616276,
            33.80994439068597,
            57.4611422465637
        ],
        "Right IG Origin": [
            15.40480671697524,
            -3.623527055824576,
            79.95994838877063
        ],
        "Left IG Origin": [
            -19.92167767313052,
            -9.19563567475318,
            75.89961650686821
        ],
        "R Ventral Occipital Horn": [
            23.439634496899743,
            -38.022285034736726,
            69.96979991587803
        ],
        "L Ventral Occipital Horn": [
            -12.43156430745277,
            -44.192214476824105,
            69.13329521120023
        ],
        "R Olfactory Fundus": [
            0.227479298068164,
            55.17463002570596,
            74.78295007745962
        ],
        "L Olfactory Fundus": [
            -24.67768676339425,
            49.59691092563717,
            73.43087095306676
        ]
    }
}
