{
    "IntendedFor": "anat/sub-120_run-01_T1w.nii.gz",
    "FiducialsCoordinateSystem": "RAS",
    "FiducialsCoordinateUnits": "mm",
    "FiducialsCoordinateSystemDescription": "RAS orientation: Origin halfway between LPA and RPA, positive x-axis towards RPA, positive y-axis orthogonal to x-axis through Nasion,  z-axis orthogonal to xy-plane, pointing in superior direction.",
    "FiducialsCoordinates": {
        "AC": [
            -8.890939128809821,
            63.9490122585927,
            5.006885432569364
        ],
        "PC": [
            -9.06815450313768,
            36.15438893019,
            -0.9397933734997324
        ],
        "Infracollicular Sulcus": [
            -9.243033489145477,
            28.177190480456066,
            -11.21324824008432
        ],
        "PMJ": [
            -9.177995330328836,
            45.76733373409077,
            -13.416749651810417
        ],
        "Superior IPF": [
            -9.13993147028058,
            50.17435047326288,
            -4.678158863881906
        ],
        "Right Superior LMS": [
            3.283959325131129,
            35.903965547264015,
            -8.504012019115441
        ],
        "Left Superior LMS": [
            -21.057235234540364,
            36.55053296529815,
            -7.651385687593574
        ],
        "Right Inferior LMS": [
            1.4409896402094975,
            35.39957500022096,
            -18.82935718819536
        ],
        "Left Inferior LMS": [
            -19.13583441810811,
            36.83679830588081,
            -18.78007919837368
        ],
        "Culmen": [
            -9.879298206346991,
            7.858141383039299,
            -5.18696876256486
        ],
        "Intermammillary Sulcus": [
            -9.16484316062798,
            57.24702357903023,
            -6.8908051611874725
        ],
        "Right Mammilary Body": [
            -6.86821091811284,
            57.160818237738496,
            -6.953349178431898
        ],
        "Left Mammilary Body": [
            -11.448320062696562,
            57.04242405145825,
            -6.889567316192799
        ],
        "Pineal Gland": [
            -9.278620047746395,
            28.61966362099084,
            0.4418937653164743
        ],
        "Right LV at AC": [
            5.547943332144849,
            59.49541251252701,
            29.88187093723516
        ],
        "Left LV at AC": [
            -23.477864252930672,
            59.30644526203383,
            31.936473125041186
        ],
        "Right LV at PC": [
            6.7836779308562685,
            30.41889373229261,
            23.8996985234966
        ],
        "Left LV at PC": [
            -25.43370620205788,
            31.3044678217268,
            25.2732530661038
        ],
        "Genu of CC": [
            -8.279964165085413,
            91.88906342888892,
            24.247435983019688
        ],
        "Splenium of CC": [
            -9.290145421117998,
            20.209325634959164,
            2.849277154527755
        ],
        "Right AL Temporal Horn": [
            21.43434241916008,
            57.91818157768412,
            -18.332754839115253
        ],
        "Left AL Tempral Horn": [
            -40.03870563276238,
            58.65720462109498,
            -15.744303302183804
        ],
        "R. Sup. AM Temporal Horn": [
            8.516410327538555,
            53.92687325860203,
            -8.979145715480948
        ],
        "L. Sup. AM Temporal Horn": [
            -26.71595269436318,
            54.34377267087407,
            -10.29986892414754
        ],
        "R Inf. AM Temp Horn": [
            15.056118724606208,
            57.3502726917359,
            -18.91632884446787
        ],
        "L Inf. AM Temp Horn": [
            -34.28342232148879,
            58.85473504938035,
            -18.8372026177233
        ],
        "Right IG Origin": [
            6.902489930459088,
            15.40407631044216,
            -2.617306759021408
        ],
        "Left IG Origin": [
            -26.62431139142577,
            17.374975464633668,
            -0.946630092569304
        ],
        "R Ventral Occipital Horn": [
            8.516202175901658,
            -22.48904793699196,
            -17.132534616661516
        ],
        "L Ventral Occipital Horn": [
            -28.60359910468321,
            -19.06144341770781,
            -15.764263102085977
        ],
        "R Olfactory Fundus": [
            4.076901168969633,
            80.91409913650068,
            2.742488018594461
        ],
        "L Olfactory Fundus": [
            -22.63532996952827,
            82.05800600270342,
            2.317777615736477
        ]
    }
}
