{
    "IntendedFor": "anat/sub-122_run-02_T1w.nii.gz",
    "FiducialsCoordinateSystem": "RAS",
    "FiducialsCoordinateUnits": "mm",
    "FiducialsCoordinateSystemDescription": "RAS orientation: Origin halfway between LPA and RPA, positive x-axis towards RPA, positive y-axis orthogonal to x-axis through Nasion,  z-axis orthogonal to xy-plane, pointing in superior direction.",
    "FiducialsCoordinates": {
        "AC": [
            -2.847693621712742,
            35.91497621880554,
            15.586196265458977
        ],
        "PC": [
            -3.328420918952658,
            8.861468747684231,
            8.825139023350236
        ],
        "Infracollicular Sulcus": [
            -4.576648351012107,
            0.6451749444728786,
            0.298253760754453
        ],
        "PMJ": [
            -4.659060297793364,
            15.6605936498869,
            -4.022054153331807
        ],
        "Superior IPF": [
            -3.6996439211336094,
            20.737573633459363,
            5.020744170979113
        ],
        "Right Superior LMS": [
            7.73576130224898,
            9.14334016497031,
            0.5932773854084497
        ],
        "Left Superior LMS": [
            -16.624964083185752,
            9.428968804244551,
            2.9723130894657515
        ],
        "Right Inferior LMS": [
            5.9904419863770455,
            7.046186557831261,
            -8.291224275148428
        ],
        "Left Inferior LMS": [
            -16.16791753616097,
            7.278962761946583,
            -6.433530046659757
        ],
        "Culmen": [
            -3.6698797267814474,
            -15.296664660118262,
            7.02514603331597
        ],
        "Intermammillary Sulcus": [
            -3.72387567780376,
            27.808584260492356,
            4.7068467497165685
        ],
        "Right Mammilary Body": [
            -1.8100642764140575,
            27.60141497296658,
            4.70887794710107
        ],
        "Left Mammilary Body": [
            -5.918758009933969,
            27.712780124229766,
            5.338522537058838
        ],
        "Pineal Gland": [
            -3.556154978565396,
            0.9743815899821529,
            10.45814987823535
        ],
        "Right LV at AC": [
            16.639165386217996,
            29.821500918604265,
            39.13433350439392
        ],
        "Left LV at AC": [
            -17.089117570086298,
            30.10678732770905,
            43.45294468169581
        ],
        "Right LV at PC": [
            18.24959645514513,
            2.291159853427641,
            33.85231165528199
        ],
        "Left LV at PC": [
            -20.75294627839621,
            1.804501387303905,
            37.88015916968753
        ],
        "Genu of CC": [
            -1.1418969840401654,
            58.47171011543988,
            30.3748830521986
        ],
        "Splenium of CC": [
            -2.871254320488009,
            -2.2261938603974927,
            15.961504536743323
        ],
        "Right AL Temporal Horn": [
            26.08139808103066,
            35.86906165196693,
            -10.62844388765782
        ],
        "Left AL Tempral Horn": [
            -37.5880959338709,
            35.090563211398866,
            -2.567404255508885
        ],
        "R. Sup. AM Temporal Horn": [
            12.997355297511213,
            28.14853661954456,
            -1.3310092214568958
        ],
        "L. Sup. AM Temporal Horn": [
            -22.026608424420125,
            27.310667537515748,
            3.1618517610516035
        ],
        "R Inf. AM Temp Horn": [
            19.642609592603684,
            34.8792690138534,
            -10.15704699898196
        ],
        "L Inf. AM Temp Horn": [
            -29.735618990579987,
            33.84124321928222,
            -4.103546313179402
        ],
        "Right IG Origin": [
            12.33163412344584,
            -4.728323758247095,
            11.478694359115735
        ],
        "Left IG Origin": [
            -19.596590039781496,
            -6.649520825003172,
            13.96615627540398
        ],
        "R Ventral Occipital Horn": [
            13.738737106399828,
            -42.402570962737855,
            -2.1114067361513142
        ],
        "L Ventral Occipital Horn": [
            -22.84018117104205,
            -41.524463378815305,
            3.557296336573838
        ],
        "R Olfactory Fundus": [
            8.612595893635653,
            52.40492514810406,
            9.621658085930283
        ],
        "L Olfactory Fundus": [
            -16.694933678310523,
            51.386429113929125,
            12.949811666903392
        ]
    }
}
