{
    "IntendedFor": "anat/sub-133_run-01_T1w.nii.gz",
    "FiducialsCoordinateSystem": "RAS",
    "FiducialsCoordinateUnits": "mm",
    "FiducialsCoordinateSystemDescription": "RAS orientation: Origin halfway between LPA and RPA, positive x-axis towards RPA, positive y-axis orthogonal to x-axis through Nasion,  z-axis orthogonal to xy-plane, pointing in superior direction.",
    "FiducialsCoordinates": {
        "AC": [
            -11.199657848186655,
            67.22868663210326,
            -10.356776828938628
        ],
        "PC": [
            -9.16915719120557,
            38.10917478495222,
            -20.51045300660768
        ],
        "Infracollicular Sulcus": [
            -8.277529128166874,
            29.66958846560517,
            -30.46371764682973
        ],
        "PMJ": [
            -9.22798916278172,
            49.0896816611151,
            -32.24461723260077
        ],
        "Superior IPF": [
            -9.93023717716198,
            52.97892671867587,
            -22.89521097631973
        ],
        "Right Superior LMS": [
            2.811365835365949,
            39.922243620453415,
            -27.958655311809277
        ],
        "Left Superior LMS": [
            -19.43564792601279,
            38.19528489139354,
            -29.02884567450682
        ],
        "Right Inferior LMS": [
            2.5023960976929858,
            39.32751448731722,
            -37.12844230322163
        ],
        "Left Inferior LMS": [
            -18.79789271976321,
            38.16975457253311,
            -39.04861050793694
        ],
        "Culmen": [
            -6.556550859190415,
            9.897900081664172,
            -25.74149515570436
        ],
        "Intermammillary Sulcus": [
            -10.34421549191334,
            60.09255694571347,
            -23.83692113388657
        ],
        "Right Mammilary Body": [
            -7.920850207739278,
            60.01262526858255,
            -23.621978200139537
        ],
        "Left Mammilary Body": [
            -13.145327437383836,
            59.84729507795944,
            -23.7867201495816
        ],
        "Pineal Gland": [
            -8.227849404895476,
            29.85201425280833,
            -20.648348626132652
        ],
        "Right LV at AC": [
            5.4691586288880405,
            58.52132271462243,
            20.661291978407817
        ],
        "Left LV at AC": [
            -30.804720156912943,
            56.352683493877706,
            19.691056947298303
        ],
        "Right LV at PC": [
            10.03027095861716,
            28.477431258266243,
            12.34781806387233
        ],
        "Left LV at PC": [
            -30.5726730213829,
            25.74856851981517,
            8.795013096242595
        ],
        "Genu of CC": [
            -13.733476551510492,
            89.60425761550748,
            6.87363559024098
        ],
        "Splenium of CC": [
            -7.1033541454142695,
            21.9838602101736,
            -15.821084111638744
        ],
        "Right AL Temporal Horn": [
            22.099484024265685,
            69.07528113027584,
            -31.879709758402942
        ],
        "Left AL Tempral Horn": [
            -43.21707595395068,
            64.06333080277543,
            -33.795419591484915
        ],
        "R. Sup. AM Temporal Horn": [
            8.309530980058062,
            59.39549072301478,
            -26.018565881394675
        ],
        "L. Sup. AM Temporal Horn": [
            -30.40190080263566,
            57.30177470763762,
            -26.84379471687335
        ],
        "R Inf. AM Temp Horn": [
            15.620991655188911,
            67.77248313037498,
            -33.27440844682495
        ],
        "L Inf. AM Temp Horn": [
            -35.00751152417502,
            66.75357510486671,
            -36.97272239862484
        ],
        "Right IG Origin": [
            9.60451343308886,
            24.157506003680776,
            -20.168202198592077
        ],
        "Left IG Origin": [
            -19.975871906672687,
            21.942209767803117,
            -21.78003222117125
        ],
        "R Ventral Occipital Horn": [
            19.25789129904773,
            -12.599935465499708,
            -32.79926958921429
        ],
        "L Ventral Occipital Horn": [
            -23.10749856005759,
            -16.324051439762403,
            -36.99374112569017
        ],
        "R Olfactory Fundus": [
            -1.271566171488913,
            83.63952192429285,
            -12.184573022265557
        ],
        "L Olfactory Fundus": [
            -26.028348135364343,
            83.5259068094762,
            -13.696092282389673
        ]
    }
}
