{
    "IntendedFor": "anat/sub-131_run-01_T1w.nii.gz",
    "FiducialsCoordinateSystem": "RAS",
    "FiducialsCoordinateUnits": "mm",
    "FiducialsCoordinateSystemDescription": "RAS orientation: Origin halfway between LPA and RPA, positive x-axis towards RPA, positive y-axis orthogonal to x-axis through Nasion,  z-axis orthogonal to xy-plane, pointing in superior direction.",
    "FiducialsCoordinates": {
        "AC": [
            -1.9522586763115315,
            29.00811878576647,
            4.913349520782605
        ],
        "PC": [
            -2.6234003759728006,
            3.113204096267117,
            0.3621206806475125
        ],
        "Infracollicular Sulcus": [
            -2.6002588095713,
            -7.340081428465813,
            -9.049162161621414
        ],
        "PMJ": [
            -2.012319954000432,
            9.873005785761611,
            -12.263898691180014
        ],
        "Superior IPF": [
            -2.196016803847362,
            13.816141539952536,
            -4.266451436365811
        ],
        "Right Superior LMS": [
            9.068404016985705,
            2.10782512393841,
            -5.768120886009745
        ],
        "Left Superior LMS": [
            -14.356527510439276,
            2.807875236554257,
            -6.980739581551295
        ],
        "Right Inferior LMS": [
            8.387569269289447,
            1.5095601276187618,
            -14.753005058018609
        ],
        "Left Inferior LMS": [
            -12.778044484567014,
            1.8295451894791868,
            -15.487350197627018
        ],
        "Culmen": [
            -2.84032427235007,
            -21.518387994036456,
            -5.654204402038175
        ],
        "Intermammillary Sulcus": [
            -1.9140873546781343,
            19.81980467654496,
            -5.462689117004792
        ],
        "Right Mammilary Body": [
            -0.2022021255225337,
            19.605946530910696,
            -5.033460320059089
        ],
        "Left Mammilary Body": [
            -3.965671402248641,
            19.86026012232025,
            -5.6402584508781946
        ],
        "Pineal Gland": [
            -2.809549081968819,
            -3.6563269083540897,
            1.4374781449724126
        ],
        "Right LV at AC": [
            13.360702886141668,
            25.68233032778566,
            29.136487736020985
        ],
        "Left LV at AC": [
            -18.586500842638763,
            27.384505010917927,
            29.003393424389294
        ],
        "Right LV at PC": [
            14.77177893753495,
            0.0938469712620656,
            26.330040307994302
        ],
        "Left LV at PC": [
            -20.52347494326828,
            1.9430732741403065,
            26.011703777264422
        ],
        "Genu of CC": [
            -1.523504517811627,
            58.44475084813779,
            15.253768028927004
        ],
        "Splenium of CC": [
            -3.002262030150558,
            -9.972137990335966,
            2.759251532564381
        ],
        "Right AL Temporal Horn": [
            31.704740736335275,
            26.122150253240413,
            -15.207827700183122
        ],
        "Left AL Tempral Horn": [
            -33.84711633757742,
            26.227799361468797,
            -16.34975999793835
        ],
        "R. Sup. AM Temporal Horn": [
            17.237132154794658,
            19.09160485699997,
            -6.2621890659261625
        ],
        "L. Sup. AM Temporal Horn": [
            -23.30281698537471,
            16.65682300274981,
            -6.883648895645455
        ],
        "R Inf. AM Temp Horn": [
            23.81524977045358,
            25.34419992122292,
            -15.167565528335164
        ],
        "L Inf. AM Temp Horn": [
            -27.572634129424117,
            25.75884360066544,
            -16.19004034639283
        ],
        "Right IG Origin": [
            10.698946935169252,
            -10.843885363701444,
            0.3319167433072213
        ],
        "Left IG Origin": [
            -17.88094429718678,
            -11.58688141857652,
            -0.893830374923233
        ],
        "R Ventral Occipital Horn": [
            15.881276148715507,
            -46.506414044617614,
            -10.545076581938716
        ],
        "L Ventral Occipital Horn": [
            -19.740404604278723,
            -48.56490591961732,
            -12.809508316938324
        ],
        "R Olfactory Fundus": [
            9.170252816671669,
            44.51016436502844,
            1.6695994634258582
        ],
        "L Olfactory Fundus": [
            -13.21253590197818,
            44.79578959049274,
            1.0296992483870593
        ]
    }
}
