{
    "IntendedFor": "anat/sub-136_run-01_T1w.nii.gz",
    "FiducialsCoordinateSystem": "RAS",
    "FiducialsCoordinateUnits": "mm",
    "FiducialsCoordinateSystemDescription": "RAS orientation: Origin halfway between LPA and RPA, positive x-axis towards RPA, positive y-axis orthogonal to x-axis through Nasion,  z-axis orthogonal to xy-plane, pointing in superior direction.",
    "FiducialsCoordinates": {
        "AC": [
            -2.910141815342297,
            46.50210373396541,
            11.471310301428582
        ],
        "PC": [
            -1.886520311062096,
            17.759456050086577,
            5.575685578342325
        ],
        "Infracollicular Sulcus": [
            -1.930879659760278,
            9.246908760429736,
            -3.9372669579867337
        ],
        "PMJ": [
            -1.7406312841268252,
            26.14125275359489,
            -6.457373312512916
        ],
        "Superior IPF": [
            -1.909369501487714,
            28.95421156289204,
            3.0957824145738098
        ],
        "Right Superior LMS": [
            11.074279360232463,
            15.005187091753232,
            -0.8742077231144127
        ],
        "Left Superior LMS": [
            -13.96019741529266,
            15.90359550030258,
            -0.5665792880987748
        ],
        "Right Inferior LMS": [
            10.845870512492038,
            15.617203022759025,
            -10.23378709691799
        ],
        "Left Inferior LMS": [
            -11.738578066731868,
            15.668495024278618,
            -10.09145571690842
        ],
        "Culmen": [
            -0.8505010893888386,
            -16.357232496818895,
            2.752966401802438
        ],
        "Intermammillary Sulcus": [
            -2.993091468710389,
            36.6263135157168,
            2.674236064962856
        ],
        "Right Mammilary Body": [
            -0.3906508533873582,
            36.02538414430531,
            2.9216053881629533
        ],
        "Left Mammilary Body": [
            -5.593570085676119,
            36.561409302607984,
            2.8520111489213167
        ],
        "Pineal Gland": [
            -1.9170504106616613,
            9.643538696948696,
            6.935702944104141
        ],
        "Right LV at AC": [
            17.63023389147082,
            40.78588161807837,
            46.71860745859448
        ],
        "Left LV at AC": [
            -22.646111686036257,
            40.51015557623836,
            49.64109831806857
        ],
        "Right LV at PC": [
            19.01604861624444,
            6.715596719330984,
            43.851079677278086
        ],
        "Left LV at PC": [
            -22.52376215741442,
            8.102745471396661,
            44.46115346294158
        ],
        "Genu of CC": [
            -2.178342904188688,
            74.96536683541837,
            30.16794984968331
        ],
        "Splenium of CC": [
            -1.1342082567899991,
            -3.798713962224542,
            8.878146951033184
        ],
        "Right AL Temporal Horn": [
            31.302911978949663,
            37.58367066608345,
            -10.974014754292124
        ],
        "Left AL Tempral Horn": [
            -36.048030953156015,
            36.74174406314877,
            -10.023265456258262
        ],
        "R. Sup. AM Temporal Horn": [
            19.013144156794795,
            34.29587924665163,
            -1.4676951134119782
        ],
        "L. Sup. AM Temporal Horn": [
            -27.66722896173321,
            33.217297681119966,
            -2.6738308628408296
        ],
        "R Inf. AM Temp Horn": [
            19.23882448612328,
            40.6004573142399,
            -11.173597978847935
        ],
        "L Inf. AM Temp Horn": [
            -27.922354823750958,
            39.59822686178408,
            -11.689121807359555
        ],
        "Right IG Origin": [
            18.358653463908382,
            -4.328773016415231,
            2.430428793749408
        ],
        "Left IG Origin": [
            -16.11058714222981,
            -2.9616885910157222,
            2.5392213081914514
        ],
        "R Ventral Occipital Horn": [
            21.115114244816507,
            -43.656411580024255,
            -11.978196901139064
        ],
        "L Ventral Occipital Horn": [
            -16.46294690748569,
            -44.3651320513212,
            -15.734325409123947
        ],
        "R Olfactory Fundus": [
            11.057903727287846,
            61.51171064354402,
            8.247852504055192
        ],
        "L Olfactory Fundus": [
            -18.342506784125227,
            62.24987874983698,
            7.4716035228059
        ]
    }
}
