{
    "IntendedFor": "anat/sub-145_run-01_T1w.nii.gz",
    "FiducialsCoordinateSystem": "RAS",
    "FiducialsCoordinateUnits": "mm",
    "FiducialsCoordinateSystemDescription": "RAS orientation: Origin halfway between LPA and RPA, positive x-axis towards RPA, positive y-axis orthogonal to x-axis through Nasion,  z-axis orthogonal to xy-plane, pointing in superior direction.",
    "FiducialsCoordinates": {
        "AC": [
            2.526333593003428,
            29.32194634698668,
            12.707326570433562
        ],
        "PC": [
            2.447557593003429,
            2.766072745432525,
            12.629513319679788
        ],
        "Infracollicular Sulcus": [
            2.2466384190350177,
            -7.042097366554654,
            6.928142704024029
        ],
        "PMJ": [
            2.1480166641544174,
            8.222509096321444,
            -2.2323846473367297
        ],
        "Superior IPF": [
            2.363124656058397,
            13.258786915184707,
            4.7288872514630205
        ],
        "Right Superior LMS": [
            13.051897798363097,
            0.2935436141472871,
            5.439461235722997
        ],
        "Left Superior LMS": [
            -8.60651304051086,
            0.1934739002960362,
            5.324034927449533
        ],
        "Right Inferior LMS": [
            12.585213846532715,
            -1.1342025750473756,
            -3.866614045149471
        ],
        "Left Inferior LMS": [
            -8.136508632580991,
            -1.6308117602075618,
            -3.816662859834224
        ],
        "Culmen": [
            2.10183930102846,
            -18.295913713820084,
            17.25238698024635
        ],
        "Intermammillary Sulcus": [
            2.255962606291656,
            19.705838791824466,
            3.3379952514630205
        ],
        "Right Mammilary Body": [
            3.804273222573536,
            19.61989381296662,
            3.538714347614487
        ],
        "Left Mammilary Body": [
            0.4808939111519364,
            19.63442005768108,
            3.568326890737654
        ],
        "Pineal Gland": [
            2.4334871380048955,
            -3.703384485696597,
            15.45928525785646
        ],
        "Right LV at AC": [
            15.327367781261154,
            32.01031946837358,
            37.86676653496525
        ],
        "Left LV at AC": [
            -8.866806644255025,
            30.05845946837358,
            37.90375654508527
        ],
        "Right LV at PC": [
            19.99543934310801,
            3.2853446712899825,
            39.23065852686923
        ],
        "Left LV at PC": [
            -14.306051801241605,
            3.047852671289983,
            39.06278853698926
        ],
        "Genu of CC": [
            2.5871491380048965,
            60.33566656144742,
            24.7060267980859
        ],
        "Splenium of CC": [
            2.527131627433816,
            -3.808562240982134,
            21.367160893214137
        ],
        "Right AL Temporal Horn": [
            32.755707882152045,
            25.772751527989207,
            -4.182588723464645
        ],
        "Left AL Tempral Horn": [
            -27.7737483364486,
            25.79208056074766,
            -4.962493233644859
        ],
        "R. Sup. AM Temporal Horn": [
            21.50140308800018,
            18.34000008764254,
            2.513520319683472
        ],
        "L. Sup. AM Temporal Horn": [
            -15.40507443475181,
            19.647320225462074,
            1.721489135365744
        ],
        "R Inf. AM Temp Horn": [
            23.383680759206783,
            26.227870158805125,
            -8.015336286497204
        ],
        "L Inf. AM Temp Horn": [
            -20.85942881622904,
            25.867028375012275,
            -9.06043888701932
        ],
        "Right IG Origin": [
            16.721197433330882,
            -9.751583503089655,
            18.303722584272315
        ],
        "Left IG Origin": [
            -12.733806747103188,
            -11.528859278079722,
            18.476398334284237
        ],
        "R Ventral Occipital Horn": [
            19.042560745474,
            -45.19495230521205,
            17.659172935755404
        ],
        "L Ventral Occipital Horn": [
            -16.27688042057745,
            -45.1231319513999,
            17.2407513416401
        ],
        "R Olfactory Fundus": [
            12.392552224390387,
            46.40457722482105,
            8.902866978771216
        ],
        "L Olfactory Fundus": [
            -9.329376177641826,
            45.18703977018545,
            8.446406657992494
        ]
    }
}
