{
    "IntendedFor": "anat/sub-149_run-01_T1w.nii.gz",
    "FiducialsCoordinateSystem": "RAS",
    "FiducialsCoordinateUnits": "mm",
    "FiducialsCoordinateSystemDescription": "RAS orientation: Origin halfway between LPA and RPA, positive x-axis towards RPA, positive y-axis orthogonal to x-axis through Nasion,  z-axis orthogonal to xy-plane, pointing in superior direction.",
    "FiducialsCoordinates": {
        "AC": [
            1.5924160914521035,
            114.50608779310252,
            11.879556022830762
        ],
        "PC": [
            -0.94209714435455,
            87.94094970640865,
            9.128601746394311
        ],
        "Infracollicular Sulcus": [
            -2.220143963635057,
            77.89440987427936,
            0.5718502024145645
        ],
        "PMJ": [
            -1.0735305818220149,
            93.25010180289472,
            -4.8578073577038925
        ],
        "Superior IPF": [
            -0.3795628779558423,
            97.42980254989732,
            3.248955422134672
        ],
        "Right Superior LMS": [
            10.60546328090563,
            84.83769709568851,
            1.3448206033526682
        ],
        "Left Superior LMS": [
            -13.749443872706284,
            86.68484633758226,
            1.8852518383950163
        ],
        "Right Inferior LMS": [
            8.184379746849517,
            81.64542792672813,
            -8.961220859917756
        ],
        "Left Inferior LMS": [
            -13.728193223984372,
            83.4259863674432,
            -8.318146150095092
        ],
        "Culmen": [
            -3.947420153794577,
            59.7623172010837,
            5.96690284636948
        ],
        "Intermammillary Sulcus": [
            0.3566838943668181,
            103.64502428865248,
            2.5586033529002323
        ],
        "Right Mammilary Body": [
            2.822385025723091,
            103.26762685955012,
            2.702687600414668
        ],
        "Left Mammilary Body": [
            -2.20022730068292,
            103.56512655977924,
            2.869451786031114
        ],
        "Pineal Gland": [
            -1.19500169224151,
            82.25622162952398,
            10.86424398747274
        ],
        "Right LV at AC": [
            21.277615787537023,
            111.3934499662732,
            38.40958462157879
        ],
        "Left LV at AC": [
            -15.028504340762831,
            114.74921716446497,
            40.21037740387684
        ],
        "Right LV at PC": [
            20.596279105773085,
            82.54046176396551,
            36.5844276076284
        ],
        "Left LV at PC": [
            -21.563529493403728,
            86.60782011663056,
            38.949954478880514
        ],
        "Genu of CC": [
            4.839966495912533,
            143.28275605789918,
            23.029998191670405
        ],
        "Splenium of CC": [
            -2.646457395043714,
            73.26984084737808,
            13.465059639126418
        ],
        "Right AL Temporal Horn": [
            38.43783654227915,
            105.72136167843853,
            -13.107327740845912
        ],
        "Left AL Tempral Horn": [
            -36.4139236972692,
            113.61122046701662,
            -9.150801355037403
        ],
        "R. Sup. AM Temporal Horn": [
            20.353662156571765,
            100.05882001257916,
            -4.590559865347455
        ],
        "L. Sup. AM Temporal Horn": [
            -23.256783171549365,
            104.387620418182,
            -1.6660037265833694
        ],
        "R Inf. AM Temp Horn": [
            23.97828707373215,
            107.9359918823666,
            -14.404845324636351
        ],
        "L Inf. AM Temp Horn": [
            -26.113494103553496,
            112.7259109765498,
            -11.212210274245308
        ],
        "Right IG Origin": [
            13.18545032208387,
            69.87238342531676,
            8.786460583417343
        ],
        "Left IG Origin": [
            -21.44921944999984,
            71.1998229802532,
            9.795549630198124
        ],
        "R Ventral Occipital Horn": [
            11.5414626315151,
            26.79499439636468,
            7.642115082266471
        ],
        "L Ventral Occipital Horn": [
            -25.14127265377418,
            28.18078588345843,
            5.825593828355194
        ],
        "R Olfactory Fundus": [
            15.93645201660281,
            130.09304422820497,
            3.9440065236585498
        ],
        "L Olfactory Fundus": [
            -12.374320979139574,
            131.19283445391335,
            5.737874756816273
        ]
    }
}
