{
    "IntendedFor": "anat/sub-148_run-01_T1w.nii.gz",
    "FiducialsCoordinateSystem": "RAS",
    "FiducialsCoordinateUnits": "mm",
    "FiducialsCoordinateSystemDescription": "RAS orientation: Origin halfway between LPA and RPA, positive x-axis towards RPA, positive y-axis orthogonal to x-axis through Nasion,  z-axis orthogonal to xy-plane, pointing in superior direction.",
    "FiducialsCoordinates": {
        "AC": [
            -8.393368206384,
            102.86019153055618,
            16.63861937786063
        ],
        "PC": [
            -8.45573718901466,
            78.11190988874094,
            11.363385134689878
        ],
        "Infracollicular Sulcus": [
            -6.977874333822212,
            69.88214395990136,
            1.3655213430143058
        ],
        "PMJ": [
            -6.374668744999079,
            85.1122113624313,
            -4.184480879149072
        ],
        "Superior IPF": [
            -7.152108877477661,
            88.71955783442027,
            6.707223263380408
        ],
        "Right Superior LMS": [
            6.147459239245579,
            77.1820453001881,
            5.998010968203613
        ],
        "Left Superior LMS": [
            -21.389683111397368,
            77.7852644566415,
            2.6819334438943576
        ],
        "Right Inferior LMS": [
            5.549758736794257,
            75.94639952120914,
            -5.623618784255693
        ],
        "Left Inferior LMS": [
            -17.274462939198116,
            76.52591866316821,
            -8.788066957833816
        ],
        "Culmen": [
            -7.711338935186686,
            56.52664988857721,
            6.696834152535284
        ],
        "Intermammillary Sulcus": [
            -6.96262202894858,
            94.24039582466963,
            5.232377476892073
        ],
        "Right Mammilary Body": [
            -4.417504317591365,
            94.12162426762528,
            5.492844727321586
        ],
        "Left Mammilary Body": [
            -9.71272959871923,
            94.03726854211436,
            4.926182940726578
        ],
        "Pineal Gland": [
            -8.160152491541151,
            71.57067778108822,
            11.002242079631532
        ],
        "Right LV at AC": [
            6.335975752918576,
            97.01807868508934,
            46.105484308290194
        ],
        "Left LV at AC": [
            -28.95980453519188,
            97.89247426857705,
            41.91627062292908
        ],
        "Right LV at PC": [
            8.401287153010752,
            72.19025854720655,
            41.25598109597269
        ],
        "Left LV at PC": [
            -31.72701318559283,
            73.22199247128194,
            35.798849866253576
        ],
        "Genu of CC": [
            -9.71891005684624,
            129.70996486808286,
            30.16702586083408
        ],
        "Splenium of CC": [
            -8.774459200335048,
            68.47818926326681,
            15.046300245286451
        ],
        "Right AL Temporal Horn": [
            34.63866150369851,
            102.05470538605296,
            0.2723934250621898
        ],
        "Left AL Tempral Horn": [
            -46.33094977913276,
            105.53489396111324,
            -10.609161951290831
        ],
        "R. Sup. AM Temporal Horn": [
            16.837557482749954,
            92.5807755030223,
            6.880447902980089
        ],
        "L. Sup. AM Temporal Horn": [
            -29.96974933198189,
            94.47453712925132,
            0.5210294319208002
        ],
        "R Inf. AM Temp Horn": [
            21.861388145381905,
            102.91243350933097,
            -3.9477781870397903
        ],
        "L Inf. AM Temp Horn": [
            -34.55031188229054,
            106.63053897033052,
            -10.720626399217954
        ],
        "Right IG Origin": [
            10.043992544819972,
            63.58831635445697,
            14.253568914470558
        ],
        "Left IG Origin": [
            -26.070063793874077,
            63.941352699844096,
            9.278382467716323
        ],
        "R Ventral Occipital Horn": [
            12.496510103892303,
            33.01688162563657,
            1.4499368100894332
        ],
        "L Ventral Occipital Horn": [
            -27.93048300232505,
            36.93139453304157,
            -3.685543106325045
        ],
        "R Olfactory Fundus": [
            4.666544463134234,
            117.20287462094886,
            13.856645634707576
        ],
        "L Olfactory Fundus": [
            -20.937174818527648,
            116.7006658435379,
            10.28097358219626
        ]
    }
}
