{
    "IntendedFor": "anat/sub-118_run-01_T1w.nii.gz",
    "FiducialsCoordinateSystem": "RAS",
    "FiducialsCoordinateUnits": "mm",
    "FiducialsCoordinateSystemDescription": "RAS orientation: Origin halfway between LPA and RPA, positive x-axis towards RPA, positive y-axis orthogonal to x-axis through Nasion,  z-axis orthogonal to xy-plane, pointing in superior direction.",
    "FiducialsCoordinates": {
        "AC": [
            2.3160441439797337,
            25.10832553124433,
            16.13036037927492
        ],
        "PC": [
            6.132656269713217,
            2.630452763155442,
            8.81259101252902
        ],
        "Infracollicular Sulcus": [
            7.737948447183666,
            -4.156061488311527,
            -0.1683462179568708
        ],
        "PMJ": [
            5.45393754945059,
            10.339886736665916,
            -4.060197881841177
        ],
        "Superior IPF": [
            4.380869088312427,
            13.14220986331872,
            6.315716217310265
        ],
        "Right Superior LMS": [
            18.527963826647447,
            5.321551194333354,
            3.451739882467444
        ],
        "Left Superior LMS": [
            -5.2307649273259,
            0.677509076297053,
            2.538610078086487
        ],
        "Right Inferior LMS": [
            16.85886836451574,
            4.486936872678699,
            -6.56023666847517
        ],
        "Left Inferior LMS": [
            -3.720525930818544,
            0.8900356372150526,
            -7.248065269439439
        ],
        "Culmen": [
            9.662253174978376,
            -19.609441174612776,
            2.229721252319562
        ],
        "Intermammillary Sulcus": [
            3.624544190519943,
            19.43642999895656,
            6.316658460886863
        ],
        "Right Mammilary Body": [
            6.369547082849323,
            19.633321459051093,
            6.332472965712246
        ],
        "Left Mammilary Body": [
            0.8840174776729223,
            18.59096932550769,
            6.1144340661002845
        ],
        "Pineal Gland": [
            7.617364236438656,
            -3.9356512989290935,
            8.231971551454752
        ],
        "Right LV at AC": [
            20.25495302349721,
            20.846577612415736,
            41.05399657731059
        ],
        "Left LV at AC": [
            -15.064961621653504,
            14.753513145433844,
            39.98453584251324
        ],
        "Right LV at PC": [
            24.4333028236786,
            -2.4073207449857805,
            32.85997454137536
        ],
        "Left LV at PC": [
            -11.86060158140828,
            -8.957541850703475,
            32.24418522424994
        ],
        "Genu of CC": [
            -3.0150592105593583,
            54.10749840882052,
            30.289294366644548
        ],
        "Splenium of CC": [
            7.729606094449153,
            -7.164954227435241,
            11.7272219726276
        ],
        "Right AL Temporal Horn": [
            39.02588195916973,
            30.596432931293705,
            -1.798225165357442
        ],
        "Left AL Tempral Horn": [
            -30.408403330231767,
            18.313676775768336,
            -2.128356694025719
        ],
        "R. Sup. AM Temporal Horn": [
            23.38701384204932,
            20.64640644641947,
            2.586791710442457
        ],
        "L. Sup. AM Temporal Horn": [
            -15.807871194276208,
            13.52739779536954,
            2.3955037138614657
        ],
        "R Inf. AM Temp Horn": [
            24.863807088040296,
            29.92940056361484,
            -2.49995437502985
        ],
        "L Inf. AM Temp Horn": [
            -18.102558469501723,
            22.32396906186957,
            -3.32395734356832
        ],
        "Right IG Origin": [
            26.10841229005425,
            -11.276095317891295,
            7.65044014750452
        ],
        "Left IG Origin": [
            -8.716231215537297,
            -18.305061144908585,
            5.657940127368745
        ],
        "R Ventral Occipital Horn": [
            30.286101804324737,
            -42.09348015854373,
            -4.378739483287717
        ],
        "L Ventral Occipital Horn": [
            -7.735575766596861,
            -46.12097389008271,
            -5.073092031920514
        ],
        "R Olfactory Fundus": [
            13.201618724526046,
            44.8253729455931,
            15.334547997484767
        ],
        "L Olfactory Fundus": [
            -13.546559270796177,
            38.87212177115593,
            14.004218345944158
        ]
    }
}
