{
    "IntendedFor": "anat/sub-093_run-01_T1w.nii.gz",
    "FiducialsCoordinateSystem": "RAS",
    "FiducialsCoordinateUnits": "mm",
    "FiducialsCoordinateSystemDescription": "RAS orientation: Origin halfway between LPA and RPA, positive x-axis towards RPA, positive y-axis orthogonal to x-axis through Nasion,  z-axis orthogonal to xy-plane, pointing in superior direction.",
    "FiducialsCoordinates": {
        "AC": [
            2.6862051188113063,
            50.5363582362068,
            -1.6176359616305884
        ],
        "PC": [
            1.7913169637812945,
            19.7942418508376,
            -3.1209327544296093
        ],
        "Infracollicular Sulcus": [
            2.1613047719175484,
            8.980554182341185,
            -11.235698585484297
        ],
        "PMJ": [
            2.6669038296408227,
            25.677073748357103,
            -17.708614970189657
        ],
        "Superior IPF": [
            2.398268429262064,
            31.42954765071049,
            -8.962893155499378
        ],
        "Right Superior LMS": [
            15.092341155219293,
            18.17776095209036,
            -8.27808814012489
        ],
        "Left Superior LMS": [
            -11.294748404190516,
            17.656904494514002,
            -10.33018366888515
        ],
        "Right Inferior LMS": [
            15.539438735587892,
            15.871975459547812,
            -19.125708436749573
        ],
        "Left Inferior LMS": [
            -8.438110550048028,
            16.040098508162366,
            -20.547631965794604
        ],
        "Culmen": [
            1.071744658053705,
            -7.0849088634448965,
            -0.3260381747189583
        ],
        "Intermammillary Sulcus": [
            2.958453912847836,
            38.72318965402745,
            -11.116691915225022
        ],
        "Right Mammilary Body": [
            5.319563210920959,
            39.07929144028613,
            -10.160246117148915
        ],
        "Left Mammilary Body": [
            0.3060439208902005,
            38.75118027721203,
            -10.67794710598582
        ],
        "Pineal Gland": [
            1.5876464169575288,
            13.232404220009736,
            -1.0985829492317436
        ],
        "Right LV at AC": [
            17.124327437183638,
            48.72920635120569,
            31.05190718986355
        ],
        "Left LV at AC": [
            -16.233668264368397,
            50.268908650582944,
            28.14320383654001
        ],
        "Right LV at PC": [
            17.009409133890816,
            17.919508289966515,
            29.708048888127827
        ],
        "Left LV at PC": [
            -18.11442348907737,
            19.002557996809564,
            26.84680166449582
        ],
        "Genu of CC": [
            3.672713812598824,
            85.63331047424106,
            9.295866908389652
        ],
        "Splenium of CC": [
            1.1935396338801243,
            5.06879523511473,
            3.312130754389244
        ],
        "Right AL Temporal Horn": [
            40.823640856970194,
            43.90027746574787,
            -21.79486301946439
        ],
        "Left AL Tempral Horn": [
            -31.60694141327969,
            43.94579541863247,
            -24.988403131166564
        ],
        "R. Sup. AM Temporal Horn": [
            21.062034807390823,
            38.3094781370921,
            -13.168621539709807
        ],
        "L. Sup. AM Temporal Horn": [
            -17.466445686411113,
            36.54676870859213,
            -14.48218741100977
        ],
        "R Inf. AM Temp Horn": [
            28.85230326591825,
            44.62307690872648,
            -23.693832939375927
        ],
        "L Inf. AM Temp Horn": [
            -21.306776090496395,
            42.15404212174344,
            -26.7411309672823
        ],
        "Right IG Origin": [
            17.996899662525255,
            4.911552375465143,
            2.407227334961546
        ],
        "Left IG Origin": [
            -15.360222968636457,
            0.3282037727589276,
            0.4361472024783294
        ],
        "R Ventral Occipital Horn": [
            19.45237470883216,
            -36.28126121968957,
            -0.2278356136565006
        ],
        "L Ventral Occipital Horn": [
            -25.60307090641985,
            -30.094429275221323,
            -2.1873258848628128
        ],
        "R Olfactory Fundus": [
            19.64932282190705,
            67.3199587013947,
            -6.477124642354326
        ],
        "L Olfactory Fundus": [
            -9.417379805647204,
            67.73308000588432,
            -8.142262764942762
        ]
    }
}
