{
    "IntendedFor": "anat/sub-115_run-01_T1w.nii.gz",
    "FiducialsCoordinateSystem": "RAS",
    "FiducialsCoordinateUnits": "mm",
    "FiducialsCoordinateSystemDescription": "RAS orientation: Origin halfway between LPA and RPA, positive x-axis towards RPA, positive y-axis orthogonal to x-axis through Nasion,  z-axis orthogonal to xy-plane, pointing in superior direction.",
    "FiducialsCoordinates": {
        "AC": [
            1.2731176872112044,
            37.019918233847456,
            25.985922676305517
        ],
        "PC": [
            -1.6759456734152862,
            9.934383762487515,
            21.64704814732197
        ],
        "Infracollicular Sulcus": [
            -2.093086826421827,
            1.749455544801402,
            13.127787932187433
        ],
        "PMJ": [
            -0.5805430739432295,
            17.887075089939703,
            8.423149998261412
        ],
        "Superior IPF": [
            -0.151771076530309,
            22.45181554820571,
            18.0835475396044
        ],
        "Right Superior LMS": [
            10.561650815711548,
            8.899672518804627,
            15.563892344629425
        ],
        "Left Superior LMS": [
            -14.395876330759824,
            11.28731758020995,
            15.549366487807331
        ],
        "Right Inferior LMS": [
            9.904244811850676,
            8.313644700991633,
            6.474488268281067
        ],
        "Left Inferior LMS": [
            -12.84776232596997,
            11.095244456307972,
            6.208962768168909
        ],
        "Culmen": [
            -4.770355541261792,
            -14.7749528055952,
            21.561022108073782
        ],
        "Intermammillary Sulcus": [
            0.5790706795294611,
            28.14702463129579,
            16.590900827038265
        ],
        "Right Mammilary Body": [
            3.4235871293396505,
            28.018333388958904,
            16.583486775340607
        ],
        "Left Mammilary Body": [
            -1.9251027564796304,
            28.37950149876792,
            16.57299345588251
        ],
        "Pineal Gland": [
            -2.404366464720013,
            3.5495041939332515,
            22.879810410655992
        ],
        "Right LV at AC": [
            15.99973564948181,
            31.8023225963061,
            53.0416262739177
        ],
        "Left LV at AC": [
            -15.045753487565928,
            34.62168432530624,
            52.83004094484427
        ],
        "Right LV at PC": [
            17.1967443962836,
            4.8978671282543615,
            48.11502221991852
        ],
        "Left LV at PC": [
            -22.225552993576173,
            8.238095293088694,
            47.54756333392254
        ],
        "Genu of CC": [
            4.563544367798803,
            66.06503585902425,
            37.68928822975015
        ],
        "Splenium of CC": [
            -3.1813805769447456,
            -1.4476337441709723,
            25.82713025609113
        ],
        "Right AL Temporal Horn": [
            33.954471070835226,
            33.55971546590281,
            5.14139151455849
        ],
        "Left AL Tempral Horn": [
            -31.58241128145091,
            39.2712797623674,
            1.4673425334591312
        ],
        "R. Sup. AM Temporal Horn": [
            18.60842755331512,
            26.3125026325393,
            11.969354986628284
        ],
        "L. Sup. AM Temporal Horn": [
            -19.933390976850724,
            29.97092270836519,
            10.83933193906621
        ],
        "R Inf. AM Temp Horn": [
            24.49637942867004,
            34.96546125658703,
            3.462276120284442
        ],
        "L Inf. AM Temp Horn": [
            -21.381942825899703,
            39.795844633030136,
            0.4013822881378212
        ],
        "Right IG Origin": [
            14.619554492110222,
            -3.8052933736565846,
            23.297007551263924
        ],
        "Left IG Origin": [
            -21.004967211397734,
            -1.5872757214397923,
            21.664179688504937
        ],
        "R Ventral Occipital Horn": [
            14.57633532747497,
            -37.616199439307735,
            12.09290399138422
        ],
        "L Ventral Occipital Horn": [
            -24.276644288697703,
            -41.58509496879829,
            11.884908136857678
        ],
        "R Olfactory Fundus": [
            15.282561501242688,
            52.81343554155103,
            22.24676166402856
        ],
        "L Olfactory Fundus": [
            -9.689599524493994,
            54.08737400851537,
            21.119801483205684
        ]
    }
}
