{
    "IntendedFor": "anat/sub-135_run-01_T1w.nii.gz",
    "FiducialsCoordinateSystem": "RAS",
    "FiducialsCoordinateUnits": "mm",
    "FiducialsCoordinateSystemDescription": "RAS orientation: Origin halfway between LPA and RPA, positive x-axis towards RPA, positive y-axis orthogonal to x-axis through Nasion,  z-axis orthogonal to xy-plane, pointing in superior direction.",
    "FiducialsCoordinates": {
        "AC": [
            -0.0799089230737926,
            41.81461859618133,
            -8.79552864160156
        ],
        "PC": [
            0.2052793135932865,
            13.22312781615904,
            -16.76625179085134
        ],
        "Infracollicular Sulcus": [
            0.1136137837525438,
            3.317360530150863,
            -27.33856142641744
        ],
        "PMJ": [
            -0.1728570821051269,
            20.347979472621603,
            -30.557180562427845
        ],
        "Superior IPF": [
            0.1730464900256684,
            24.594816815121487,
            -20.324467288871745
        ],
        "Right Superior LMS": [
            13.450771014736144,
            12.147524334767144,
            -25.32714225370209
        ],
        "Left Superior LMS": [
            -13.035968249131944,
            11.767198474094688,
            -24.78877650403559
        ],
        "Right Inferior LMS": [
            11.74684603820223,
            10.72540677028356,
            -37.69747934697581
        ],
        "Left Inferior LMS": [
            -12.704775766981635,
            10.795067800176204,
            -35.8441215222134
        ],
        "Culmen": [
            -0.2306293426846319,
            -17.24555922849631,
            -22.67544936152012
        ],
        "Intermammillary Sulcus": [
            0.0225797113563821,
            31.62417498637715,
            -20.932423862531675
        ],
        "Right Mammilary Body": [
            2.143498210264711,
            31.525333416169588,
            -20.942413158509996
        ],
        "Left Mammilary Body": [
            -2.6448423766487776,
            31.627176377736344,
            -20.729028627867955
        ],
        "Pineal Gland": [
            0.0233570113868671,
            4.891049546350383,
            -16.63760184284299
        ],
        "Right LV at AC": [
            16.886493665671477,
            34.4131255776334,
            20.30754593647834
        ],
        "Left LV at AC": [
            -15.894248561695584,
            34.526705034356354,
            20.2609815630211
        ],
        "Right LV at PC": [
            20.058450224824675,
            3.6845461648890856,
            16.0601909474165
        ],
        "Left LV at PC": [
            -18.30056316886444,
            3.769533460594398,
            16.227482656159047
        ],
        "Genu of CC": [
            -0.0133750305934535,
            69.96807916372015,
            9.840004311571969
        ],
        "Splenium of CC": [
            0.0360257202077897,
            -4.495770044852381,
            -14.021035361656716
        ],
        "Right AL Temporal Horn": [
            33.00981517973959,
            42.33448853085743,
            -35.470055627868234
        ],
        "Left AL Tempral Horn": [
            -33.41757273633236,
            39.04054645220484,
            -31.42648357582566
        ],
        "R. Sup. AM Temporal Horn": [
            20.37694121808756,
            30.646238604565987,
            -26.007990507964543
        ],
        "L. Sup. AM Temporal Horn": [
            -22.458542557082875,
            30.37904884670319,
            -25.32418088232344
        ],
        "R Inf. AM Temp Horn": [
            24.550593940451392,
            41.814087565515095,
            -36.25732240322687
        ],
        "L Inf. AM Temp Horn": [
            -23.66391432525816,
            39.82006866368368,
            -34.40470560134226
        ],
        "Right IG Origin": [
            15.756873113631276,
            -2.539623734219989,
            -19.12961463930185
        ],
        "Left IG Origin": [
            -15.408277331457573,
            -3.077504520112666,
            -18.549780146959176
        ],
        "R Ventral Occipital Horn": [
            18.424218637208234,
            -46.41175512270655,
            -32.85938208454076
        ],
        "L Ventral Occipital Horn": [
            -18.77097227582897,
            -46.571296728484825,
            -32.09962688032887
        ],
        "R Olfactory Fundus": [
            11.608467138545448,
            57.138130938218616,
            -13.056905822620658
        ],
        "L Olfactory Fundus": [
            -13.028588392142828,
            56.48482920449296,
            -13.34776129095278
        ]
    }
}
