{
    "IntendedFor": "anat/sub-113_run-01_T1w.nii.gz",
    "FiducialsCoordinateSystem": "RAS",
    "FiducialsCoordinateUnits": "mm",
    "FiducialsCoordinateSystemDescription": "RAS orientation: Origin halfway between LPA and RPA, positive x-axis towards RPA, positive y-axis orthogonal to x-axis through Nasion,  z-axis orthogonal to xy-plane, pointing in superior direction.",
    "FiducialsCoordinates": {
        "AC": [
            -4.596563843146351,
            39.84386200360903,
            23.48827013256392
        ],
        "PC": [
            -4.390943423056815,
            12.605006217999131,
            23.56697145331232
        ],
        "Infracollicular Sulcus": [
            -4.439018229753327,
            0.6064717719260913,
            13.279068167533774
        ],
        "PMJ": [
            -4.625344515949861,
            18.140779536733657,
            8.568978050638288
        ],
        "Superior IPF": [
            -4.49245290008208,
            23.68928755461006,
            14.320743706004183
        ],
        "Right Superior LMS": [
            6.762758284702062,
            10.876834020465884,
            14.765577398306268
        ],
        "Left Superior LMS": [
            -16.60797744275617,
            10.051771443212129,
            15.215473980985944
        ],
        "Right Inferior LMS": [
            5.851811004813216,
            9.041538704222052,
            4.019172934452484
        ],
        "Left Inferior LMS": [
            -16.713971068341912,
            9.041959020618403,
            4.202535597480445
        ],
        "Culmen": [
            -3.7258247338380137,
            -15.032415329800676,
            23.340612704620032
        ],
        "Intermammillary Sulcus": [
            -4.720658508219237,
            29.51486267186266,
            13.003125304022694
        ],
        "Right Mammilary Body": [
            -2.371259766408658,
            29.703323304616976,
            12.968086002907723
        ],
        "Left Mammilary Body": [
            -6.73650913963475,
            29.35994322740218,
            13.023414764069305
        ],
        "Pineal Gland": [
            -4.32386692549311,
            4.542954577145872,
            24.81187697849945
        ],
        "Right LV at AC": [
            10.565043724666694,
            39.90400223355303,
            50.68922649853954
        ],
        "Left LV at AC": [
            -17.740452391816426,
            39.81136036531457,
            50.951611701028014
        ],
        "Right LV at PC": [
            11.850624454412005,
            13.019446910826204,
            49.37125950929605
        ],
        "Left LV at PC": [
            -18.625001836235032,
            12.489970260125942,
            51.71410164689411
        ],
        "Genu of CC": [
            -4.177978196270766,
            70.3645198559031,
            34.08325986443427
        ],
        "Splenium of CC": [
            -4.116656291752418,
            -1.999363254380376,
            27.404686424539317
        ],
        "Right AL Temporal Horn": [
            23.768348328559902,
            30.821528432768627,
            1.227585475028515
        ],
        "Left AL Tempral Horn": [
            -34.95352886654915,
            30.261858632222964,
            3.371941262188208
        ],
        "R. Sup. AM Temporal Horn": [
            12.273444522847376,
            27.59485849727894,
            9.606879033482455
        ],
        "L. Sup. AM Temporal Horn": [
            -22.272904448398577,
            25.947291815219035,
            10.69124833568596
        ],
        "R Inf. AM Temp Horn": [
            17.808543631623174,
            30.399573259569827,
            0.6403286665675939
        ],
        "L Inf. AM Temp Horn": [
            -28.52852190341296,
            29.485109994145933,
            2.835263020864982
        ],
        "Right IG Origin": [
            8.530687799663195,
            -1.0478821248036434,
            21.94707284808836
        ],
        "Left IG Origin": [
            -18.164920660432653,
            -2.376910016208354,
            24.35052538137165
        ],
        "R Ventral Occipital Horn": [
            14.805275671837109,
            -45.30008870909873,
            19.85170881374668
        ],
        "L Ventral Occipital Horn": [
            -20.98363445432697,
            -45.87268745343778,
            21.749757727230207
        ],
        "R Olfactory Fundus": [
            7.668811635855818,
            55.70995856372858,
            16.554407951492955
        ],
        "L Olfactory Fundus": [
            -17.244892039209795,
            55.10342887226823,
            17.42428284805893
        ]
    }
}
