{
    "IntendedFor": "anat/sub-103_run-01_T1w.nii.gz",
    "FiducialsCoordinateSystem": "RAS",
    "FiducialsCoordinateUnits": "mm",
    "FiducialsCoordinateSystemDescription": "RAS orientation: Origin halfway between LPA and RPA, positive x-axis towards RPA, positive y-axis orthogonal to x-axis through Nasion,  z-axis orthogonal to xy-plane, pointing in superior direction.",
    "FiducialsCoordinates": {
        "AC": [
            0.8065172759635102,
            39.52914724215204,
            -20.31858888098896
        ],
        "PC": [
            -2.147806857823853,
            15.191718983209544,
            -22.782228153967704
        ],
        "Infracollicular Sulcus": [
            -4.392463662114436,
            5.541189745365081,
            -32.418862135078925
        ],
        "PMJ": [
            -3.1075056356550044,
            20.957035425834185,
            -37.621764352344215
        ],
        "Superior IPF": [
            -1.585473358860178,
            25.823914329452425,
            -30.32165948254803
        ],
        "Right Superior LMS": [
            6.421083090042719,
            12.331227645633572,
            -31.963578124737197
        ],
        "Left Superior LMS": [
            -13.488915645236352,
            15.00615603321447,
            -30.36348013943756
        ],
        "Right Inferior LMS": [
            5.492145215140467,
            9.834443623806395,
            -42.53890062933134
        ],
        "Left Inferior LMS": [
            -15.720913476433624,
            13.98698782056851,
            -40.15167164660058
        ],
        "Culmen": [
            -6.53974903678901,
            -12.433152768626073,
            -27.39695459193258
        ],
        "Intermammillary Sulcus": [
            -1.0833948827712132,
            31.25235126504684,
            -30.572683884503668
        ],
        "Right Mammilary Body": [
            0.7050471012951011,
            30.969481551289185,
            -30.81648462201685
        ],
        "Left Mammilary Body": [
            -3.0915084879888672,
            31.36134398061153,
            -30.404938565445264
        ],
        "Pineal Gland": [
            -2.7772855167839703,
            9.806582058224858,
            -21.35311261346344
        ],
        "Right LV at AC": [
            16.61791552810845,
            36.13251278753403,
            3.436115669263907
        ],
        "Left LV at AC": [
            -10.137175948453086,
            39.529036086198815,
            6.216810606704291
        ],
        "Right LV at PC": [
            15.557796835314583,
            10.859452405978352,
            0.1285433617050665
        ],
        "Left LV at PC": [
            -17.480138073745696,
            15.647155119476608,
            2.1638997677258285
        ],
        "Genu of CC": [
            5.65542161709428,
            69.9012555853036,
            -10.194580495823365
        ],
        "Splenium of CC": [
            -3.419174257886037,
            2.2396603932703587,
            -17.65706438367615
        ],
        "Right AL Temporal Horn": [
            27.034731209798537,
            31.0154513002034,
            -44.65980426183255
        ],
        "Left AL Tempral Horn": [
            -32.31965339212074,
            38.9303954006536,
            -37.180415051566094
        ],
        "R. Sup. AM Temporal Horn": [
            14.403521591660745,
            27.53111089758773,
            -34.91285591758363
        ],
        "L. Sup. AM Temporal Horn": [
            -18.518976814574863,
            32.00543338085436,
            -31.843553927119025
        ],
        "R Inf. AM Temp Horn": [
            19.91801629840037,
            31.371980980972864,
            -44.29293301215605
        ],
        "L Inf. AM Temp Horn": [
            -26.74920549045904,
            38.66675141972198,
            -38.480992541371016
        ],
        "Right IG Origin": [
            7.721508001830569,
            -0.1696095833680717,
            -23.634377563980923
        ],
        "Left IG Origin": [
            -17.90560971327771,
            2.878219940939199,
            -21.28668294051873
        ],
        "R Ventral Occipital Horn": [
            6.219159876350025,
            -43.5754750623363,
            -26.716303472289905
        ],
        "L Ventral Occipital Horn": [
            -23.68850999795224,
            -37.8242777217422,
            -26.432752049830334
        ],
        "R Olfactory Fundus": [
            13.110386323269612,
            54.10637529826895,
            -25.417856063219723
        ],
        "L Olfactory Fundus": [
            -8.983102646664376,
            56.14753795110448,
            -24.038377042721027
        ]
    }
}
