{
    "IntendedFor": "anat/sub-087_run-01_T1w.nii.gz",
    "FiducialsCoordinateSystem": "RAS",
    "FiducialsCoordinateUnits": "mm",
    "FiducialsCoordinateSystemDescription": "RAS orientation: Origin halfway between LPA and RPA, positive x-axis towards RPA, positive y-axis orthogonal to x-axis through Nasion,  z-axis orthogonal to xy-plane, pointing in superior direction.",
    "FiducialsCoordinates": {
        "AC": [
            -1.7233007926589394,
            29.939802490250948,
            -15.162710614703604
        ],
        "PC": [
            -2.8974487240395046,
            9.386657143899177,
            -24.145788136482032
        ],
        "Infracollicular Sulcus": [
            -4.002011362532923,
            2.101065356366885,
            -35.399298337641625
        ],
        "PMJ": [
            -3.460500614983121,
            17.054977976382002,
            -36.29119477107421
        ],
        "Superior IPF": [
            -2.7944962061666048,
            18.423563997207264,
            -26.77120657930188
        ],
        "Right Superior LMS": [
            8.010380537740456,
            9.5789897447865,
            -31.822429117046894
        ],
        "Left Superior LMS": [
            -13.97416387597742,
            10.814178212810038,
            -30.23922501773664
        ],
        "Right Inferior LMS": [
            5.644398455760066,
            10.532700858117945,
            -41.52700699178695
        ],
        "Left Inferior LMS": [
            -13.509750838231742,
            11.409549832135966,
            -39.396334305926565
        ],
        "Culmen": [
            -4.456735683663522,
            -14.89777608749992,
            -31.63645552369801
        ],
        "Intermammillary Sulcus": [
            -3.1180889481746563,
            24.79742574631693,
            -27.30345780736912
        ],
        "Right Mammilary Body": [
            -0.3018158201266413,
            24.9198757862972,
            -27.285144242521586
        ],
        "Left Mammilary Body": [
            -5.223133256222671,
            24.91969570633666,
            -26.85309137221665
        ],
        "Pineal Gland": [
            -3.199730631253014,
            4.122626863128619,
            -24.30477236209176
        ],
        "Right LV at AC": [
            13.395942786516432,
            19.70884230069441,
            6.325177668925982
        ],
        "Left LV at AC": [
            -13.76905640522117,
            20.55097556897865,
            9.69919981581926
        ],
        "Right LV at PC": [
            16.40116643009454,
            -2.1840990740648847,
            -1.4214241108423713
        ],
        "Left LV at PC": [
            -19.12082447959904,
            -1.8063573108015825,
            1.490502036031009
        ],
        "Genu of CC": [
            0.0109735186376152,
            51.412029276019645,
            4.367516652582422
        ],
        "Splenium of CC": [
            -3.298155542791244,
            -4.601264693400077,
            -22.51869618330864
        ],
        "Right AL Temporal Horn": [
            25.358661683324662,
            32.31892756216986,
            -39.51270268630204
        ],
        "Left AL Tempral Horn": [
            -33.95389417130202,
            34.187318594456826,
            -32.222761711275155
        ],
        "R. Sup. AM Temporal Horn": [
            14.542015693537738,
            23.38639079524846,
            -31.944183268199936
        ],
        "L. Sup. AM Temporal Horn": [
            -20.811612595525855,
            25.7023248005322,
            -28.54648597455917
        ],
        "R Inf. AM Temp Horn": [
            19.058283221759662,
            33.332986195933024,
            -40.49622741538979
        ],
        "L Inf. AM Temp Horn": [
            -27.675715784053143,
            35.24528894638207,
            -34.16419276062837
        ],
        "Right IG Origin": [
            9.337168193718178,
            -5.796620461139748,
            -27.949082338137828
        ],
        "Left IG Origin": [
            -15.87794450466988,
            -4.99614878070963,
            -25.07170927016277
        ],
        "R Ventral Occipital Horn": [
            12.30870775019358,
            -37.01323627365849,
            -42.28217281507672
        ],
        "L Ventral Occipital Horn": [
            -24.72316253213176,
            -35.32408908263577,
            -39.46551867554248
        ],
        "R Olfactory Fundus": [
            10.171087175626514,
            44.49362391680082,
            -16.631079136144187
        ],
        "L Olfactory Fundus": [
            -13.250639206213709,
            45.00707279641711,
            -13.885775745664237
        ]
    }
}
