{
    "IntendedFor": "anat/sub-150_run-01_T1w.nii.gz",
    "FiducialsCoordinateSystem": "RAS",
    "FiducialsCoordinateUnits": "mm",
    "FiducialsCoordinateSystemDescription": "RAS orientation: Origin halfway between LPA and RPA, positive x-axis towards RPA, positive y-axis orthogonal to x-axis through Nasion,  z-axis orthogonal to xy-plane, pointing in superior direction.",
    "FiducialsCoordinates": {
        "AC": [
            3.269617930725192,
            37.64983360556165,
            3.7126920545919
        ],
        "PC": [
            3.8311519458074033,
            10.945456961248771,
            -2.0412397239840265
        ],
        "Infracollicular Sulcus": [
            3.8283991427909614,
            2.999610719933394,
            -10.475334478061132
        ],
        "PMJ": [
            3.759010642419993,
            20.49808317016429,
            -14.430339340033935
        ],
        "Superior IPF": [
            3.909529908837586,
            21.68247704814849,
            -7.066858659428872
        ],
        "Right Superior LMS": [
            15.49834385799939,
            9.380076839172764,
            -9.559931181593136
        ],
        "Left Superior LMS": [
            -7.864651295205981,
            9.695285637484163,
            -9.54667461180436
        ],
        "Right Inferior LMS": [
            15.128371095341189,
            11.543604182157342,
            -19.70126145006127
        ],
        "Left Inferior LMS": [
            -8.086494560687061,
            11.275064438980063,
            -19.535902923431543
        ],
        "Culmen": [
            4.727128233699979,
            -13.274714265176176,
            -7.05624037655606
        ],
        "Intermammillary Sulcus": [
            3.659366550126819,
            29.43587979556853,
            -7.291427554583487
        ],
        "Right Mammilary Body": [
            5.742809544032312,
            29.57101373182909,
            -7.220985048561121
        ],
        "Left Mammilary Body": [
            1.052889993807696,
            29.50164870982277,
            -7.220099471036417
        ],
        "Pineal Gland": [
            4.153236578580364,
            4.356685082122976,
            -0.8127855309264547
        ],
        "Right LV at AC": [
            19.922654755038888,
            33.31730899315826,
            31.32624687902055
        ],
        "Left LV at AC": [
            -14.853209501214906,
            33.615264089756366,
            31.79130667482492
        ],
        "Right LV at PC": [
            22.59371627355501,
            6.649445843683833,
            24.770782717736232
        ],
        "Left LV at PC": [
            -14.867956996800084,
            5.448724411093711,
            25.56363028478308
        ],
        "Genu of CC": [
            2.5640170945278866,
            63.44147533008059,
            17.337475271538512
        ],
        "Splenium of CC": [
            4.412285917536339,
            -0.807230732044444,
            1.80193255141729
        ],
        "Right AL Temporal Horn": [
            34.92095359842959,
            36.05860707866505,
            -18.119452927259356
        ],
        "Left AL Tempral Horn": [
            -31.470128223850104,
            35.94427857757277,
            -17.015665649298676
        ],
        "R. Sup. AM Temporal Horn": [
            24.273531595966496,
            26.373511971060832,
            -10.208793942876856
        ],
        "L. Sup. AM Temporal Horn": [
            -18.247893922072144,
            28.18008203186689,
            -10.510164532231933
        ],
        "R Inf. AM Temp Horn": [
            24.66367506136225,
            35.426332481182484,
            -19.65919082227256
        ],
        "L Inf. AM Temp Horn": [
            -21.265814552332586,
            36.0735356588922,
            -19.02819914540963
        ],
        "Right IG Origin": [
            22.400234479685043,
            -4.723174401275064,
            -3.414366218010932
        ],
        "Left IG Origin": [
            -10.788175879430806,
            -3.2337521119753823,
            -2.5925126442992283
        ],
        "R Ventral Occipital Horn": [
            28.161226041251982,
            -39.05427454309094,
            -15.563631039444516
        ],
        "L Ventral Occipital Horn": [
            -12.97352377416978,
            -43.18784637061562,
            -16.834403566817677
        ],
        "R Olfactory Fundus": [
            14.168860839624887,
            53.20940779995318,
            1.6336094126814191
        ],
        "L Olfactory Fundus": [
            -10.970732966039147,
            52.93530744678132,
            1.8262201111940823
        ]
    }
}
