{
    "IntendedFor": "anat/sub-127_run-01_T1w.nii.gz",
    "FiducialsCoordinateSystem": "RAS",
    "FiducialsCoordinateUnits": "mm",
    "FiducialsCoordinateSystemDescription": "RAS orientation: Origin halfway between LPA and RPA, positive x-axis towards RPA, positive y-axis orthogonal to x-axis through Nasion,  z-axis orthogonal to xy-plane, pointing in superior direction.",
    "FiducialsCoordinates": {
        "AC": [
            1.892918633708716,
            35.99415309950676,
            3.942462005709906
        ],
        "PC": [
            -0.9834274265951224,
            10.049305149652197,
            -1.592185414993218
        ],
        "Infracollicular Sulcus": [
            -2.7288491438322904,
            0.6788153907221495,
            -9.827829823925724
        ],
        "PMJ": [
            -0.7661488297309204,
            16.784988795232124,
            -14.67935888978552
        ],
        "Superior IPF": [
            -0.1274591632060979,
            20.69862218570509,
            -4.68952330153858
        ],
        "Right Superior LMS": [
            10.960772496110538,
            6.866897418540506,
            -9.103691478865748
        ],
        "Left Superior LMS": [
            -14.563761434450026,
            9.843463478234742,
            -8.011448876022845
        ],
        "Right Inferior LMS": [
            8.995242124769616,
            5.530165276600346,
            -17.820232067692128
        ],
        "Left Inferior LMS": [
            -13.138411526102963,
            7.916640832240273,
            -17.000862112543086
        ],
        "Culmen": [
            -4.134026156170689,
            -14.699115798534915,
            -5.857098104382697
        ],
        "Intermammillary Sulcus": [
            0.5081011148981702,
            26.796817951269,
            -5.760727011194637
        ],
        "Right Mammilary Body": [
            3.234410193576518,
            26.458166907672457,
            -5.705972298604746
        ],
        "Left Mammilary Body": [
            -2.489503959679444,
            27.282107602904155,
            -5.548010491264931
        ],
        "Pineal Gland": [
            -1.881772399532476,
            2.6337803538396147,
            0.0131517947307471
        ],
        "Right LV at AC": [
            20.23965933290809,
            29.35611740775132,
            27.19321223837838
        ],
        "Left LV at AC": [
            -18.08077754432722,
            33.50181411233527,
            29.185059155765952
        ],
        "Right LV at PC": [
            22.51509920020271,
            1.9928433737140088,
            22.036868298115746
        ],
        "Left LV at PC": [
            -25.1685634462149,
            7.214114657102565,
            24.29406144981144
        ],
        "Genu of CC": [
            4.768273129133272,
            60.72070567125284,
            14.627092541887928
        ],
        "Splenium of CC": [
            -1.8394165425478857,
            -1.1243021093230965,
            4.306175892311657
        ],
        "Right AL Temporal Horn": [
            36.91656540153539,
            31.844865212397064,
            -21.234179266168784
        ],
        "Left AL Tempral Horn": [
            -34.112640646800045,
            37.86591075846593,
            -18.229509472367894
        ],
        "R. Sup. AM Temporal Horn": [
            22.593588871246727,
            23.96370366896667,
            -10.542793479905852
        ],
        "L. Sup. AM Temporal Horn": [
            -20.28862012659637,
            29.63070159694364,
            -9.122260790188896
        ],
        "R Inf. AM Temp Horn": [
            26.186686672666468,
            32.25768117097297,
            -21.12587408109904
        ],
        "L Inf. AM Temp Horn": [
            -21.860864994916906,
            36.78459485469632,
            -18.563301784539807
        ],
        "Right IG Origin": [
            15.881513655507272,
            -3.817773932203486,
            -0.9093500493986564
        ],
        "Left IG Origin": [
            -19.883587946527523,
            -1.7741245594967368,
            0.4964802807190963
        ],
        "R Ventral Occipital Horn": [
            15.198329810868136,
            -37.548868433494974,
            -10.659778683491709
        ],
        "L Ventral Occipital Horn": [
            -24.98633311237041,
            -38.53408617063333,
            -9.091250377752193
        ],
        "R Olfactory Fundus": [
            17.525643649166717,
            52.00401601985779,
            -1.3519756801533844
        ],
        "L Olfactory Fundus": [
            -8.972869845442583,
            55.92657161929062,
            -0.4866991540288013
        ]
    }
}
